id_x,projectType,projectName,projectCategory,slug,slugId,status,projectAge,reraId,countryId,stateId,cityId,localityId,subLocalityId,projectSummary,possessionDate,id_y,landmark,fullAddress,pincode,propertyCategory,type,customBHK,id_variant,configurationId,bathrooms,privateBathrooms,publicBathrooms,balcony,furnishedType,furnishingType,lift,ageOfProperty,parkingType,listingType,floorPlanImage,carpetArea,price,propertyImages,maintenanceCharges,aboutProperty,createdAt,updatedAt
cmf53kkzy000fvcu8tx8jwjmr,RESIDENTIAL,Ashwini,STANDALONE,luxury-ashwini-ashoknagar-chembur-mumbai-675058,,UNDER_CONSTRUCTION,,"[""P99000056045""]",cmfw6qdtd0000vx6uelma0klf,cmf3ze56e0002vcf8e0hjqnsw,cmf6nu3ru000gvcxspxarll3v,cmf6pksk30035vcxs7r2mo3iq,cmfdkuymm0001vc90iiyzkr8d,,28-09-2025 00:00,cmf53kl01000nvcu8ibut7fka,Babys school,Mumbai chembur,411017,RESIDENTIAL,1BHK,,cmff8vfoq0013vxp7h3onmg46,cmf53kkzz000ivcu89r5399s4,1,,,1,UNFURNISHED,[],FALSE,,,Sell,https://pub-d28896f69c604ec5aa743cb0397740d9.r2.dev/1757584023815-67012c27580e3e23.jpg,123,11111111,"[""https://pub-d28896f69c604ec5aa743cb0397740d9.r2.dev/1756971672464-1e5179453b5df91d.jpg""]",,jjhhhu,07:21.4,07:21.4
cmf53kkzy000fvcu8tx8jwjmr,RESIDENTIAL,Ashwini,STANDALONE,luxury-ashwini-ashoknagar-chembur-mumbai-675058,,UNDER_CONSTRUCTION,,"[""P99000056045""]",cmfw6qdtd0000vx6uelma0klf,cmf3ze56e0002vcf8e0hjqnsw,cmf6nu3ru000gvcxspxarll3v,cmf6pksk30035vcxs7r2mo3iq,cmfdkuymm0001vc90iiyzkr8d,,28-09-2025 00:00,cmf53kl01000nvcu8ibut7fka,Babys school,Mumbai chembur,411017,RESIDENTIAL,2BHK,,cmff8vjd4001dvxp7tq21djvf,cmf53kl00000kvcu86ivy65di,0,,,2,UNFURNISHED,[],FALSE,,,Sell,https://pub-d28896f69c604ec5aa743cb0397740d9.r2.dev/1756971672464-419924a4c5c28823.jpg,456,22222222,"[""https://pub-d28896f69c604ec5aa743cb0397740d9.r2.dev/1756971672464-7c8c73119cb2047b.jpg""]",,nbhjg,07:26.2,07:26.2
cmf5r6hv00001vxptnfichhfl,RESIDENTIAL,Pristine02,STANDALONE,pristine02-modelcolony-shivajinagar-pune-428955,,READY_TO_MOVE,0,"[""P52100032109""]",cmf3zcoe80000vcf8sd4qfpwd,cmf3ze56e0002vcf8e0hjqnsw,cmf6nu3ru000gvcxspxarll3v,cmf6pk0cn0033vcxshxbf5hdh,cmfdn705v001pvc90uyle9m34,,,cmf5r6hv30008vxptq5el3h5n,Sai nagar ,"sr no 13 beside godrej, opposite to mca stadium, sai nagar, mamurdi, pune ",412101,RESIDENTIAL,2BHK,2BHK,cmf5r6hv20005vxpt3yfnl2qp,cmf5r6hv20004vxpt0l657blu,12,,,3,UNFURNISHED,[],FALSE,,,Sell,https://pub-d28896f69c604ec5aa743cb0397740d9.r2.dev/1757011238520-ba6c9c4021ea321f.jpg,972,120000000,"[""https://pub-d28896f69c604ec5aa743cb0397740d9.r2.dev/1757011238541-c8a6e3aced460e18.jpg""]",faded ,about property ,42:08.7,42:08.7
cmf5r6hv00001vxptnfichhfl,RESIDENTIAL,Pristine02,STANDALONE,pristine02-modelcolony-shivajinagar-pune-428955,,READY_TO_MOVE,0,"[""P52100032109""]",cmf3zcoe80000vcf8sd4qfpwd,cmf3ze56e0002vcf8e0hjqnsw,cmf6nu3ru000gvcxspxarll3v,cmf6pk0cn0033vcxshxbf5hdh,cmfdn705v001pvc90uyle9m34,,,cmf5r6hv30008vxptq5el3h5n,Sai nagar ,"sr no 13 beside godrej, opposite to mca stadium, sai nagar, mamurdi, pune ",412101,RESIDENTIAL,2BHK,2BHK,cmf5r6hv20006vxptcx3lmm05,cmf5r6hv20004vxpt0l657blu,3,,,2,UNFURNISHED,[],FALSE,,,Sell,https://pub-d28896f69c604ec5aa743cb0397740d9.r2.dev/1757011238542-2d39a8b06669406b.jpg,188.73,210000000,"[""https://pub-d28896f69c604ec5aa743cb0397740d9.r2.dev/1757011238542-bd3d1a40c2d7fadb.jpg""]",,fsdaffdsafsfdddsa,42:08.7,42:08.7
cmfawdrno0007vc18l0fm0z2j,RESIDENTIAL,Gurukripa,COMPLEX,gurukripa-ashoknagar-chembur-mumbai-086047,,UNDER_CONSTRUCTION,,"[""[\""P51800047648\""]""]",cmf3zcoe80000vcf8sd4qfpwd,cmf3ze56e0002vcf8e0hjqnsw,cmf50r5a00000vcj0k1iuocuu,cmf51ieam0001vcj0kljobiod,cmf51ix980003vcj0z7abv17k,,,cmfawdrnt000kvc18h3j7e93j,Sindhi Society,"Sindhi Society, Near Swami Vivekanand Jr College, Chembur, Mumbai Harbour, Mumbai",400071,RESIDENTIAL,1BHK,1BHK,cmfawdrnq000bvc188680qjyx,cmfawdrnq000avc18qcvaxzi9,1,,,1,UNFURNISHED,[],FALSE,,,Sell,https://pub-d28896f69c604ec5aa743cb0397740d9.r2.dev/1757322391101-b4e4be9945434d29.jpg,426.57,13000000,"[""https://pub-d28896f69c604ec5aa743cb0397740d9.r2.dev/1757322391106-7c383f81d9c66290.jpg""]",,na,06:37.0,06:37.0
cmfawdrno0007vc18l0fm0z2j,RESIDENTIAL,Gurukripa,COMPLEX,gurukripa-ashoknagar-chembur-mumbai-086047,,UNDER_CONSTRUCTION,,"[""[\""P51800047648\""]""]",cmf3zcoe80000vcf8sd4qfpwd,cmf3ze56e0002vcf8e0hjqnsw,cmf50r5a00000vcj0k1iuocuu,cmf51ieam0001vcj0kljobiod,cmf51ix980003vcj0z7abv17k,,,cmfawdrnt000kvc18h3j7e93j,Sindhi Society,"Sindhi Society, Near Swami Vivekanand Jr College, Chembur, Mumbai Harbour, Mumbai",400071,RESIDENTIAL,1BHK,1BHK,cmfawdrnr000cvc1897rpsu1b,cmfawdrnq000avc18qcvaxzi9,1,,,1,UNFURNISHED,[],FALSE,,,Sell,https://pub-d28896f69c604ec5aa743cb0397740d9.r2.dev/1757322391141-e6c14becbdbd76a2.jpg,460.8,15000000,"[""https://pub-d28896f69c604ec5aa743cb0397740d9.r2.dev/1757322391150-9b806803ceb0c8b6.jpg""]",,na,06:37.0,06:37.0
cmfawdrno0007vc18l0fm0z2j,RESIDENTIAL,Gurukripa,COMPLEX,gurukripa-ashoknagar-chembur-mumbai-086047,,UNDER_CONSTRUCTION,,"[""[\""P51800047648\""]""]",cmf3zcoe80000vcf8sd4qfpwd,cmf3ze56e0002vcf8e0hjqnsw,cmf50r5a00000vcj0k1iuocuu,cmf51ieam0001vcj0kljobiod,cmf51ix980003vcj0z7abv17k,,,cmfawdrnt000kvc18h3j7e93j,Sindhi Society,"Sindhi Society, Near Swami Vivekanand Jr College, Chembur, Mumbai Harbour, Mumbai",400071,RESIDENTIAL,3BHK,3BHK,cmfawdrnr000evc18jwvlery4,cmfawdrnr000dvc188hupv4yy,3,,,2,UNFURNISHED,[],FALSE,,,Sell,https://pub-d28896f69c604ec5aa743cb0397740d9.r2.dev/1757322391158-41329b8304cff17d.jpg,893.08,29000000,"[""https://pub-d28896f69c604ec5aa743cb0397740d9.r2.dev/1757322391167-19d3844213de86cb.jpg""]",,na,06:37.0,06:37.0
cmfawdrno0007vc18l0fm0z2j,RESIDENTIAL,Gurukripa,COMPLEX,gurukripa-ashoknagar-chembur-mumbai-086047,,UNDER_CONSTRUCTION,,"[""[\""P51800047648\""]""]",cmf3zcoe80000vcf8sd4qfpwd,cmf3ze56e0002vcf8e0hjqnsw,cmf50r5a00000vcj0k1iuocuu,cmf51ieam0001vcj0kljobiod,cmf51ix980003vcj0z7abv17k,,,cmfawdrnt000kvc18h3j7e93j,Sindhi Society,"Sindhi Society, Near Swami Vivekanand Jr College, Chembur, Mumbai Harbour, Mumbai",400071,RESIDENTIAL,3BHK,3BHK,cmfawdrnr000fvc18af74elnu,cmfawdrnr000dvc188hupv4yy,3,,,2,UNFURNISHED,[],FALSE,,,Sell,https://pub-d28896f69c604ec5aa743cb0397740d9.r2.dev/1757322391179-7f2bff943c2805a5.jpg,918.27,29000000,"[""https://pub-d28896f69c604ec5aa743cb0397740d9.r2.dev/1757322391188-7b25319224e8a812.jpg""]",,na,06:37.0,06:37.0
cmfawdrno0007vc18l0fm0z2j,RESIDENTIAL,Gurukripa,COMPLEX,gurukripa-ashoknagar-chembur-mumbai-086047,,UNDER_CONSTRUCTION,,"[""[\""P51800047648\""]""]",cmf3zcoe80000vcf8sd4qfpwd,cmf3ze56e0002vcf8e0hjqnsw,cmf50r5a00000vcj0k1iuocuu,cmf51ieam0001vcj0kljobiod,cmf51ix980003vcj0z7abv17k,,,cmfawdrnt000kvc18h3j7e93j,Sindhi Society,"Sindhi Society, Near Swami Vivekanand Jr College, Chembur, Mumbai Harbour, Mumbai",400071,RESIDENTIAL,2BHK,2BHK,cmfawdrns000hvc18t3u6jukg,cmfawdrnr000gvc18iunqlv98,2,,,2,UNFURNISHED,[],FALSE,,,Sell,https://pub-d28896f69c604ec5aa743cb0397740d9.r2.dev/1757322391195-0e9c4aa442f80776.jpg,804.6,26000000,"[""https://pub-d28896f69c604ec5aa743cb0397740d9.r2.dev/1757322391202-e4d28b891dcb832f.jpg""]",,na,06:37.0,06:37.0
cmfawdrno0007vc18l0fm0z2j,RESIDENTIAL,Gurukripa,COMPLEX,gurukripa-ashoknagar-chembur-mumbai-086047,,UNDER_CONSTRUCTION,,"[""[\""P51800047648\""]""]",cmf3zcoe80000vcf8sd4qfpwd,cmf3ze56e0002vcf8e0hjqnsw,cmf50r5a00000vcj0k1iuocuu,cmf51ieam0001vcj0kljobiod,cmf51ix980003vcj0z7abv17k,,,cmfawdrnt000kvc18h3j7e93j,Sindhi Society,"Sindhi Society, Near Swami Vivekanand Jr College, Chembur, Mumbai Harbour, Mumbai",400071,RESIDENTIAL,2BHK,2BHK,cmfawdrns000ivc181n6bq8cm,cmfawdrnr000gvc18iunqlv98,2,,,2,UNFURNISHED,[],FALSE,,,Sell,https://pub-d28896f69c604ec5aa743cb0397740d9.r2.dev/1757322391210-70f3ad7351a09d4c.jpg,1036.67,33000000,"[""https://pub-d28896f69c604ec5aa743cb0397740d9.r2.dev/1757322391218-4ca8b878a42de5ae.jpg""]",,na,06:37.0,06:37.0
cmfaxq2oo0020vc1806nmle00,RESIDENTIAL,Hari om,STANDALONE,hari-om-ashoknagar-chembur-mumbai-650559,,UNDER_CONSTRUCTION,,"[""P51800066536""]",cmf3zcoe80000vcf8sd4qfpwd,cmf3ze56e0002vcf8e0hjqnsw,cmf50r5a00000vcj0k1iuocuu,cmf51ieam0001vcj0kljobiod,cmfcec5ph007ivca007lzj3b3,,,cmfaxq2ot002avc18ild77rjg,Sindhi Society,"Cts 300, plot no 37, opposite midtown 71, Sindhi Society, Chembur, Mumbai, Maharashtra 400071",400069,RESIDENTIAL,1BHK,1BHK,cmfaxq2or0024vc18pjebowp8,cmfaxq2or0023vc18biodrtiy,1,,,1,UNFURNISHED,[],FALSE,,,Sell,https://pub-d28896f69c604ec5aa743cb0397740d9.r2.dev/1757324645437-975f7a8ecca1de6d.jpg,443.37,13000000,"[""https://pub-d28896f69c604ec5aa743cb0397740d9.r2.dev/1757324645448-dbde48f7805f3bd0.jpg""]",,na,44:10.8,44:10.8
cmfaxq2oo0020vc1806nmle00,RESIDENTIAL,Hari om,STANDALONE,hari-om-ashoknagar-chembur-mumbai-650559,,UNDER_CONSTRUCTION,,"[""P51800066536""]",cmf3zcoe80000vcf8sd4qfpwd,cmf3ze56e0002vcf8e0hjqnsw,cmf50r5a00000vcj0k1iuocuu,cmf51ieam0001vcj0kljobiod,cmfcec5ph007ivca007lzj3b3,,,cmfaxq2ot002avc18ild77rjg,Sindhi Society,"Cts 300, plot no 37, opposite midtown 71, Sindhi Society, Chembur, Mumbai, Maharashtra 400071",400069,RESIDENTIAL,2BHK,2BHK,cmfaxq2os0026vc18v92cqw3r,cmfaxq2os0025vc18y99ryrns,2,,,2,UNFURNISHED,[],FALSE,,,Sell,https://pub-d28896f69c604ec5aa743cb0397740d9.r2.dev/1757324645448-970dda42c441c73b.jpg,644.11,19000000,"[""https://pub-d28896f69c604ec5aa743cb0397740d9.r2.dev/1757324645449-b2f826d061804b98.jpg""]",,na,44:10.8,44:10.8
cmfaxq2oo0020vc1806nmle00,RESIDENTIAL,Hari om,STANDALONE,hari-om-ashoknagar-chembur-mumbai-650559,,UNDER_CONSTRUCTION,,"[""P51800066536""]",cmf3zcoe80000vcf8sd4qfpwd,cmf3ze56e0002vcf8e0hjqnsw,cmf50r5a00000vcj0k1iuocuu,cmf51ieam0001vcj0kljobiod,cmfcec5ph007ivca007lzj3b3,,,cmfaxq2ot002avc18ild77rjg,Sindhi Society,"Cts 300, plot no 37, opposite midtown 71, Sindhi Society, Chembur, Mumbai, Maharashtra 400071",400069,RESIDENTIAL,3BHK,3BHK,cmfaxq2os0028vc18z4otsg17,cmfaxq2os0027vc1861948lln,3,,,2,UNFURNISHED,[],FALSE,,,Sell,https://pub-d28896f69c604ec5aa743cb0397740d9.r2.dev/1757324645450-abde5eb3211c0467.jpg,798.57,23000000,"[""https://pub-d28896f69c604ec5aa743cb0397740d9.r2.dev/1757324645451-d9b3e0a968cfc871.jpg""]",,na,44:10.8,44:10.8
cmfaycwy70036vc18ppmb8mwh,RESIDENTIAL,Om makarand heights,STANDALONE,om-makarand-heights-ashoknagar-chembur-mumbai-716337,,UNDER_CONSTRUCTION,,"[""P51800052217""]",cmf3zcoe80000vcf8sd4qfpwd,cmf3ze56e0002vcf8e0hjqnsw,cmf50r5a00000vcj0k1iuocuu,cmf6oxndf0021vcxsvog0r7bk,cmfcewd9m007svca0b4pla35a,,21-09-2025 00:00,cmfaycwya003hvc18yc5gtwtc,Hind high school,"104, Yashvant Seth Jadhav Marg, Gauri Shankar Wadi No. 2, Savitribai Phule Nagar, Pant Nagar, Ghatkopar East, Mumbai, Maharashtra 400075",400075,RESIDENTIAL,1BHK,1BHK,cmfaycwy9003avc18vwkotg8q,cmfaycwy80039vc18b1epdodx,1,,,1,UNFURNISHED,[],FALSE,,,Sell,https://pub-d28896f69c604ec5aa743cb0397740d9.r2.dev/1757325712590-57c98e762d3e95c3.jpg,379,850000,"[""https://pub-d28896f69c604ec5aa743cb0397740d9.r2.dev/1757325712591-aa79bad30786e10c.jpg""]",,na,01:56.4,01:56.4
cmfaycwy70036vc18ppmb8mwh,RESIDENTIAL,Om makarand heights,STANDALONE,om-makarand-heights-ashoknagar-chembur-mumbai-716337,,UNDER_CONSTRUCTION,,"[""P51800052217""]",cmf3zcoe80000vcf8sd4qfpwd,cmf3ze56e0002vcf8e0hjqnsw,cmf50r5a00000vcj0k1iuocuu,cmf6oxndf0021vcxsvog0r7bk,cmfcewd9m007svca0b4pla35a,,21-09-2025 00:00,cmfaycwya003hvc18yc5gtwtc,Hind high school,"104, Yashvant Seth Jadhav Marg, Gauri Shankar Wadi No. 2, Savitribai Phule Nagar, Pant Nagar, Ghatkopar East, Mumbai, Maharashtra 400075",400075,RESIDENTIAL,1BHK,1BHK,cmfaycwy9003bvc189xf97r7w,cmfaycwy80039vc18b1epdodx,1,,,1,UNFURNISHED,[],FALSE,,,Sell,https://pub-d28896f69c604ec5aa743cb0397740d9.r2.dev/1757325712593-25cd2d9a5765be22.jpg,354,790000,"[""https://pub-d28896f69c604ec5aa743cb0397740d9.r2.dev/1757325712594-cd33c56e7db9cd37.jpg""]",,na,01:56.4,01:56.4
cmfaycwy70036vc18ppmb8mwh,RESIDENTIAL,Om makarand heights,STANDALONE,om-makarand-heights-ashoknagar-chembur-mumbai-716337,,UNDER_CONSTRUCTION,,"[""P51800052217""]",cmf3zcoe80000vcf8sd4qfpwd,cmf3ze56e0002vcf8e0hjqnsw,cmf50r5a00000vcj0k1iuocuu,cmf6oxndf0021vcxsvog0r7bk,cmfcewd9m007svca0b4pla35a,,21-09-2025 00:00,cmfaycwya003hvc18yc5gtwtc,Hind high school,"104, Yashvant Seth Jadhav Marg, Gauri Shankar Wadi No. 2, Savitribai Phule Nagar, Pant Nagar, Ghatkopar East, Mumbai, Maharashtra 400075",400075,RESIDENTIAL,1BHK,1BHK,cmfaycwy9003cvc181yx3c5gf,cmfaycwy80039vc18b1epdodx,1,,,0,UNFURNISHED,[],FALSE,,,Sell,https://pub-d28896f69c604ec5aa743cb0397740d9.r2.dev/1757325712597-accd128a6ea12d10.jpg,391,880000,"[""https://pub-d28896f69c604ec5aa743cb0397740d9.r2.dev/1757325712598-d2ac8b8887119ad8.jpg""]",,na,01:56.4,01:56.4
cmfaycwy70036vc18ppmb8mwh,RESIDENTIAL,Om makarand heights,STANDALONE,om-makarand-heights-ashoknagar-chembur-mumbai-716337,,UNDER_CONSTRUCTION,,"[""P51800052217""]",cmf3zcoe80000vcf8sd4qfpwd,cmf3ze56e0002vcf8e0hjqnsw,cmf50r5a00000vcj0k1iuocuu,cmf6oxndf0021vcxsvog0r7bk,cmfcewd9m007svca0b4pla35a,,21-09-2025 00:00,cmfaycwya003hvc18yc5gtwtc,Hind high school,"104, Yashvant Seth Jadhav Marg, Gauri Shankar Wadi No. 2, Savitribai Phule Nagar, Pant Nagar, Ghatkopar East, Mumbai, Maharashtra 400075",400075,RESIDENTIAL,2BHK,2BHK,cmfaycwy9003evc186uhex90a,cmfaycwy9003dvc1853ic14wb,2,,,2,UNFURNISHED,[],FALSE,,,Sell,https://pub-d28896f69c604ec5aa743cb0397740d9.r2.dev/1757325712599-4bd849d13fb20425.jpg,536,12000000,"[""https://pub-d28896f69c604ec5aa743cb0397740d9.r2.dev/1757325712607-8e031215d719e572.jpg""]",,na,01:56.4,01:56.4
cmfaycwy70036vc18ppmb8mwh,RESIDENTIAL,Om makarand heights,STANDALONE,om-makarand-heights-ashoknagar-chembur-mumbai-716337,,UNDER_CONSTRUCTION,,"[""P51800052217""]",cmf3zcoe80000vcf8sd4qfpwd,cmf3ze56e0002vcf8e0hjqnsw,cmf50r5a00000vcj0k1iuocuu,cmf6oxndf0021vcxsvog0r7bk,cmfcewd9m007svca0b4pla35a,,21-09-2025 00:00,cmfaycwya003hvc18yc5gtwtc,Hind high school,"104, Yashvant Seth Jadhav Marg, Gauri Shankar Wadi No. 2, Savitribai Phule Nagar, Pant Nagar, Ghatkopar East, Mumbai, Maharashtra 400075",400075,RESIDENTIAL,2BHK,2BHK,cmfaycwy9003fvc1859euhuy7,cmfaycwy9003dvc1853ic14wb,2,,,2,UNFURNISHED,[],FALSE,,,Sell,https://pub-d28896f69c604ec5aa743cb0397740d9.r2.dev/1757325712608-05900f06f63a6dfa.jpg,650,14000000,"[""https://pub-d28896f69c604ec5aa743cb0397740d9.r2.dev/1757325712608-e94b60550c5c2690.jpg""]",,na,01:56.4,01:56.4
cmfc6pq1k0001vca0ikzb258m,RESIDENTIAL,Sainath Vrindavan,STANDALONE,luxury-sainath-vrindavan-ashoknagar-chembur-mumbai-216861,,UNDER_CONSTRUCTION,,"[""[\""P51800049646\""]""]",cmf3zcoe80000vcf8sd4qfpwd,cmf3ze56e0002vcf8e0hjqnsw,cmf50r5a00000vcj0k1iuocuu,cmf51ieam0001vcj0kljobiod,cmf51ix980003vcj0z7abv17k,,,cmfc6pq1n000cvca0gpdjstzf,JBCN International School Mulund,Prataprao Gujar Rd Neelam Nagar Mulund East Mumbai Maharashtra 400081,400081,RESIDENTIAL,1BHK,1BHK,cmfc6pq1m0005vca07z1oktrg,cmfc6pq1m0004vca0cdihsx99,1,,,1,UNFURNISHED,[],FALSE,,,Sell,https://pub-d28896f69c604ec5aa743cb0397740d9.r2.dev/1757400210633-ec5431f188d4de3c.jpg,457.57,12000000,"[""https://pub-d28896f69c604ec5aa743cb0397740d9.r2.dev/1757400210665-ab087e966ba018ff.jpg""]",,na,43:37.1,43:37.1
cmfc6pq1k0001vca0ikzb258m,RESIDENTIAL,Sainath Vrindavan,STANDALONE,luxury-sainath-vrindavan-ashoknagar-chembur-mumbai-216861,,UNDER_CONSTRUCTION,,"[""[\""P51800049646\""]""]",cmf3zcoe80000vcf8sd4qfpwd,cmf3ze56e0002vcf8e0hjqnsw,cmf50r5a00000vcj0k1iuocuu,cmf51ieam0001vcj0kljobiod,cmf51ix980003vcj0z7abv17k,,,cmfc6pq1n000cvca0gpdjstzf,JBCN International School Mulund,Prataprao Gujar Rd Neelam Nagar Mulund East Mumbai Maharashtra 400081,400081,RESIDENTIAL,2BHK,2BHK,cmfc6pq1m0007vca0wei4jsgs,cmfc6pq1m0006vca04kqz1wsp,2,,,2,UNFURNISHED,[],FALSE,,,Sell,https://pub-d28896f69c604ec5aa743cb0397740d9.r2.dev/1757400210671-c54804f690eac296.jpg,652.83,17000000,"[""https://pub-d28896f69c604ec5aa743cb0397740d9.r2.dev/1757400210672-3f6998fafc9e8521.jpg""]",,na,43:37.1,43:37.1
cmfc6pq1k0001vca0ikzb258m,RESIDENTIAL,Sainath Vrindavan,STANDALONE,luxury-sainath-vrindavan-ashoknagar-chembur-mumbai-216861,,UNDER_CONSTRUCTION,,"[""[\""P51800049646\""]""]",cmf3zcoe80000vcf8sd4qfpwd,cmf3ze56e0002vcf8e0hjqnsw,cmf50r5a00000vcj0k1iuocuu,cmf51ieam0001vcj0kljobiod,cmf51ix980003vcj0z7abv17k,,,cmfc6pq1n000cvca0gpdjstzf,JBCN International School Mulund,Prataprao Gujar Rd Neelam Nagar Mulund East Mumbai Maharashtra 400081,400081,RESIDENTIAL,2BHK,2BHK,cmfc6pq1m0008vca0hsbdneqc,cmfc6pq1m0006vca04kqz1wsp,2,,,2,UNFURNISHED,[],FALSE,,,Sell,https://pub-d28896f69c604ec5aa743cb0397740d9.r2.dev/1757400210675-be2512dbfae0b3f7.jpg,728.5,19000000,"[""https://pub-d28896f69c604ec5aa743cb0397740d9.r2.dev/1757400210678-f61b2d8c4b4a4a50.jpg""]",,na,43:37.1,43:37.1
cmfc6pq1k0001vca0ikzb258m,RESIDENTIAL,Sainath Vrindavan,STANDALONE,luxury-sainath-vrindavan-ashoknagar-chembur-mumbai-216861,,UNDER_CONSTRUCTION,,"[""[\""P51800049646\""]""]",cmf3zcoe80000vcf8sd4qfpwd,cmf3ze56e0002vcf8e0hjqnsw,cmf50r5a00000vcj0k1iuocuu,cmf51ieam0001vcj0kljobiod,cmf51ix980003vcj0z7abv17k,,,cmfc6pq1n000cvca0gpdjstzf,JBCN International School Mulund,Prataprao Gujar Rd Neelam Nagar Mulund East Mumbai Maharashtra 400081,400081,RESIDENTIAL,3BHK,3BHK,cmfc6pq1n000avca0g8zz0fur,cmfc6pq1m0009vca0tmv501em,3,,,2,UNFURNISHED,[],FALSE,,,Sell,https://pub-d28896f69c604ec5aa743cb0397740d9.r2.dev/1757400210681-7ca76e0e6739c3c1.jpg,1240.22,33000000,"[""https://pub-d28896f69c604ec5aa743cb0397740d9.r2.dev/1757400210682-37e9e8c4f43b5b32.jpg""]",,na,43:37.1,43:37.1
cmfc79ip5001cvca0qht6o44p,RESIDENTIAL,Avenue 15,STANDALONE,avenue-15-ashoknagar-chembur-mumbai-140508,,UNDER_CONSTRUCTION,,"[""[\""P51900032165\""]""]",cmf3zcoe80000vcf8sd4qfpwd,cmf3ze56e0002vcf8e0hjqnsw,cmf50r5a00000vcj0k1iuocuu,cmf51ieam0001vcj0kljobiod,cmf51ix980003vcj0z7abv17k,,,cmfc79ip8001lvca0o1ls6fuz,JBCN International School Parel,AVENUE 15 Ramesh Barrel Supplying Company K.T.Gupta Wadi S.P.Murai Rd behind Sewri Road Sewri W Maharashtra 400015,400015,RESIDENTIAL,1BHK,1BHK,cmfc79ip7001gvca0u52qiras,cmfc79ip7001fvca0dhfqinl1,1,,,0,UNFURNISHED,[],FALSE,,,Sell,https://pub-d28896f69c604ec5aa743cb0397740d9.r2.dev/1757401136185-abf1e76a1175f931.jpg,416.56,9890000,"[""https://pub-d28896f69c604ec5aa743cb0397740d9.r2.dev/1757401136186-23bdb16c58a9e122.jpg""]",,na,59:00.7,59:00.7
cmfc79ip5001cvca0qht6o44p,RESIDENTIAL,Avenue 15,STANDALONE,avenue-15-ashoknagar-chembur-mumbai-140508,,UNDER_CONSTRUCTION,,"[""[\""P51900032165\""]""]",cmf3zcoe80000vcf8sd4qfpwd,cmf3ze56e0002vcf8e0hjqnsw,cmf50r5a00000vcj0k1iuocuu,cmf51ieam0001vcj0kljobiod,cmf51ix980003vcj0z7abv17k,,,cmfc79ip8001lvca0o1ls6fuz,JBCN International School Parel,AVENUE 15 Ramesh Barrel Supplying Company K.T.Gupta Wadi S.P.Murai Rd behind Sewri Road Sewri W Maharashtra 400015,400015,RESIDENTIAL,1BHK,1BHK,cmfc79ip7001hvca0xz5kv4ld,cmfc79ip7001fvca0dhfqinl1,1,,,1,UNFURNISHED,[],FALSE,,,Sell,https://pub-d28896f69c604ec5aa743cb0397740d9.r2.dev/1757401136186-d8d90b0f32b32c7f.jpg,438.63,14000000,"[""https://pub-d28896f69c604ec5aa743cb0397740d9.r2.dev/1757401136187-7ce77cd129550d77.jpg""]",,na,59:00.7,59:00.7
cmfc79ip5001cvca0qht6o44p,RESIDENTIAL,Avenue 15,STANDALONE,avenue-15-ashoknagar-chembur-mumbai-140508,,UNDER_CONSTRUCTION,,"[""[\""P51900032165\""]""]",cmf3zcoe80000vcf8sd4qfpwd,cmf3ze56e0002vcf8e0hjqnsw,cmf50r5a00000vcj0k1iuocuu,cmf51ieam0001vcj0kljobiod,cmf51ix980003vcj0z7abv17k,,,cmfc79ip8001lvca0o1ls6fuz,JBCN International School Parel,AVENUE 15 Ramesh Barrel Supplying Company K.T.Gupta Wadi S.P.Murai Rd behind Sewri Road Sewri W Maharashtra 400015,400015,RESIDENTIAL,2BHK,2BHK,cmfc79ip8001jvca0r5k1gc5d,cmfc79ip7001ivca0pjtsq247,2,,,2,UNFURNISHED,[],FALSE,,,Sell,https://pub-d28896f69c604ec5aa743cb0397740d9.r2.dev/1757401136187-1ecea6707162bfe7.jpg,653.15,15000000,"[""https://pub-d28896f69c604ec5aa743cb0397740d9.r2.dev/1757401136188-b404a27ba98528f4.jpg""]",,na,59:00.7,59:00.7
cmfc80zv1002dvca0hcgoc6ea,COMMERCIAL,Swaroop Aditya Avenue,STANDALONE,swaroop-aditya-avenue-ashoknagar-chembur-mumbai-422427,,UNDER_CONSTRUCTION,,"[""[\""P51800017168\""]""]",cmf3zcoe80000vcf8sd4qfpwd,cmf3ze56e0002vcf8e0hjqnsw,cmf50r5a00000vcj0k1iuocuu,cmf51ieam0001vcj0kljobiod,cmf51ix980003vcj0z7abv17k,,,cmfc80zv4002lvca04o23il71,Infiniti Mall ,"Swaroop Aditya Avenue, Sheraton Hotel, Marol Pipeline Rd, near Itc Maratha, Kanti Nagar, J B Nagar, Andheri East, Mumbai, Maharashtra 400099",400099,COMMERCIAL,Office,Office,cmfc80zv3002hvca0yghwoxui,cmfc80zv3002gvca08q08d09k,1,1,1,,UNFURNISHED,[],FALSE,,,Sell,https://pub-d28896f69c604ec5aa743cb0397740d9.r2.dev/1757402417345-d65dfb1fd5d0d077.jpg,239,5975000,"[""https://pub-d28896f69c604ec5aa743cb0397740d9.r2.dev/1757402417346-ede3eaf6864e2efa.jpg""]",,na,20:22.7,20:22.7
cmfc80zv1002dvca0hcgoc6ea,COMMERCIAL,Swaroop Aditya Avenue,STANDALONE,swaroop-aditya-avenue-ashoknagar-chembur-mumbai-422427,,UNDER_CONSTRUCTION,,"[""[\""P51800017168\""]""]",cmf3zcoe80000vcf8sd4qfpwd,cmf3ze56e0002vcf8e0hjqnsw,cmf50r5a00000vcj0k1iuocuu,cmf51ieam0001vcj0kljobiod,cmf51ix980003vcj0z7abv17k,,,cmfc80zv4002lvca04o23il71,Infiniti Mall ,"Swaroop Aditya Avenue, Sheraton Hotel, Marol Pipeline Rd, near Itc Maratha, Kanti Nagar, J B Nagar, Andheri East, Mumbai, Maharashtra 400099",400099,COMMERCIAL,Office,Office,cmfc80zv4002ivca0pti2hjp8,cmfc80zv3002gvca08q08d09k,1,1,1,,UNFURNISHED,[],FALSE,,,Sell,https://pub-d28896f69c604ec5aa743cb0397740d9.r2.dev/1757402417346-59bcce3ff8c17194.jpg,309,7720000,"[""https://pub-d28896f69c604ec5aa743cb0397740d9.r2.dev/1757402417347-f5e0ac2f495d60e1.jpg""]",,na,20:22.7,20:22.7
cmfc80zv1002dvca0hcgoc6ea,COMMERCIAL,Swaroop Aditya Avenue,STANDALONE,swaroop-aditya-avenue-ashoknagar-chembur-mumbai-422427,,UNDER_CONSTRUCTION,,"[""[\""P51800017168\""]""]",cmf3zcoe80000vcf8sd4qfpwd,cmf3ze56e0002vcf8e0hjqnsw,cmf50r5a00000vcj0k1iuocuu,cmf51ieam0001vcj0kljobiod,cmf51ix980003vcj0z7abv17k,,,cmfc80zv4002lvca04o23il71,Infiniti Mall ,"Swaroop Aditya Avenue, Sheraton Hotel, Marol Pipeline Rd, near Itc Maratha, Kanti Nagar, J B Nagar, Andheri East, Mumbai, Maharashtra 400099",400099,COMMERCIAL,Office,Office,cmfc80zv4002jvca0kkwyzbb6,cmfc80zv3002gvca08q08d09k,0,0,0,,UNFURNISHED,[],FALSE,,,Sell,https://pub-d28896f69c604ec5aa743cb0397740d9.r2.dev/1757402417348-0cca2389f798785c.jpg,634,15000000,"[""https://pub-d28896f69c604ec5aa743cb0397740d9.r2.dev/1757402417348-9bfc082c0bba270f.jpg""]",,,20:22.7,20:22.7
cmfc8w1e8003dvca0yvieggaz,RESIDENTIAL,Marigold miraaya ,TOWNSHIP,luxury-marigold-miraaya--ashoknagar-chembur-mumbai-870766,,UNDER_CONSTRUCTION,,"[""[\""P51800003669\""]""]",cmf3zcoe80000vcf8sd4qfpwd,cmf3ze56e0002vcf8e0hjqnsw,cmf50r5a00000vcj0k1iuocuu,cmf51ieam0001vcj0kljobiod,cmf51ix980003vcj0z7abv17k,,,cmfc8w1ea003nvca0sz7s13bl,R Mall,"Marigold Miraaya, Purushottam Kheraj Rd, Asha Nagar, Mulund West, Mumbai, Maharashtra 400080",400080,RESIDENTIAL,2BHK,2BHK,cmfc8w1ea003hvca0yj9692xd,cmfc8w1e9003gvca0vfq51lrw,2,,,2,UNFURNISHED,[],FALSE,,,Sell,https://pub-d28896f69c604ec5aa743cb0397740d9.r2.dev/1757403866053-185c21624393f002.jpg,637.76,8900000,"[""https://pub-d28896f69c604ec5aa743cb0397740d9.r2.dev/1757403866054-3b21d5295d1b7bce.jpg""]",,na,44:31.0,44:31.0
cmfc8w1e8003dvca0yvieggaz,RESIDENTIAL,Marigold miraaya ,TOWNSHIP,luxury-marigold-miraaya--ashoknagar-chembur-mumbai-870766,,UNDER_CONSTRUCTION,,"[""[\""P51800003669\""]""]",cmf3zcoe80000vcf8sd4qfpwd,cmf3ze56e0002vcf8e0hjqnsw,cmf50r5a00000vcj0k1iuocuu,cmf51ieam0001vcj0kljobiod,cmf51ix980003vcj0z7abv17k,,,cmfc8w1ea003nvca0sz7s13bl,R Mall,"Marigold Miraaya, Purushottam Kheraj Rd, Asha Nagar, Mulund West, Mumbai, Maharashtra 400080",400080,RESIDENTIAL,2BHK,2BHK,cmfc8w1ea003ivca01s66pru9,cmfc8w1e9003gvca0vfq51lrw,2,,,2,UNFURNISHED,[],FALSE,,,Sell,https://pub-d28896f69c604ec5aa743cb0397740d9.r2.dev/1757403866054-1c8c078c7503aa74.jpg,783.83,10000000,"[""https://pub-d28896f69c604ec5aa743cb0397740d9.r2.dev/1757403866054-19520d6cb5866f61.jpg""]",,na,44:31.0,44:31.0
cmfc8w1e8003dvca0yvieggaz,RESIDENTIAL,Marigold miraaya ,TOWNSHIP,luxury-marigold-miraaya--ashoknagar-chembur-mumbai-870766,,UNDER_CONSTRUCTION,,"[""[\""P51800003669\""]""]",cmf3zcoe80000vcf8sd4qfpwd,cmf3ze56e0002vcf8e0hjqnsw,cmf50r5a00000vcj0k1iuocuu,cmf51ieam0001vcj0kljobiod,cmf51ix980003vcj0z7abv17k,,,cmfc8w1ea003nvca0sz7s13bl,R Mall,"Marigold Miraaya, Purushottam Kheraj Rd, Asha Nagar, Mulund West, Mumbai, Maharashtra 400080",400080,RESIDENTIAL,2BHK,2BHK,cmfc8w1ea003jvca011hgz43s,cmfc8w1e9003gvca0vfq51lrw,2,,,0,UNFURNISHED,[],FALSE,,,Sell,https://pub-d28896f69c604ec5aa743cb0397740d9.r2.dev/1757403866054-f05bbc2ef47cc262.jpg,719.46,10000000,"[""https://pub-d28896f69c604ec5aa743cb0397740d9.r2.dev/1757403866054-18d491c4116a4a1d.jpg""]",,na,44:31.0,44:31.0
cmfc8w1e8003dvca0yvieggaz,RESIDENTIAL,Marigold miraaya ,TOWNSHIP,luxury-marigold-miraaya--ashoknagar-chembur-mumbai-870766,,UNDER_CONSTRUCTION,,"[""[\""P51800003669\""]""]",cmf3zcoe80000vcf8sd4qfpwd,cmf3ze56e0002vcf8e0hjqnsw,cmf50r5a00000vcj0k1iuocuu,cmf51ieam0001vcj0kljobiod,cmf51ix980003vcj0z7abv17k,,,cmfc8w1ea003nvca0sz7s13bl,R Mall,"Marigold Miraaya, Purushottam Kheraj Rd, Asha Nagar, Mulund West, Mumbai, Maharashtra 400080",400080,RESIDENTIAL,3BHK,3BHK,cmfc8w1ea003lvca01p19m6o0,cmfc8w1ea003kvca0antflsgo,3,,,2,UNFURNISHED,[],FALSE,,,Sell,https://pub-d28896f69c604ec5aa743cb0397740d9.r2.dev/1757403866054-66f1c36cd5370f62.jpg,1090.59,15000000,"[""https://pub-d28896f69c604ec5aa743cb0397740d9.r2.dev/1757403866055-12dde6891b923a80.jpg""]",,na,44:31.0,44:31.0
cmfcccifs004nvca0b7im3r5a,RESIDENTIAL,"Balaji Kanha	",STANDALONE,balaji-kanha--ashoknagar-chembur-mumbai-678207,,UNDER_CONSTRUCTION,,"[""[\""P51700048490\""]""]",cmf3zcoe80000vcf8sd4qfpwd,cmf3ze56e0002vcf8e0hjqnsw,cmf50r5a00000vcj0k1iuocuu,cmf51ieam0001vcj0kljobiod,cmf51ix980003vcj0z7abv17k,,,cmfcccifw004vvca0mvtcgxos,Lodha Xperia Mall,64C5+C63 Dombivli East Dombivli Maharashtra 421301,421201,RESIDENTIAL,1BHK,1BHK,cmfcccifv004rvca0a0lvecba,cmfcccifu004qvca0daqsesxl,1,,,1,UNFURNISHED,[],FALSE,,,Sell,https://pub-d28896f69c604ec5aa743cb0397740d9.r2.dev/1757409672773-6523197b4bafe2f8.jpg,422,4190000,"[""https://pub-d28896f69c604ec5aa743cb0397740d9.r2.dev/1757409672775-37d2dedeb898bfd3.jpg""]",,na,21:18.4,21:18.4
cmfcccifs004nvca0b7im3r5a,RESIDENTIAL,"Balaji Kanha	",STANDALONE,balaji-kanha--ashoknagar-chembur-mumbai-678207,,UNDER_CONSTRUCTION,,"[""[\""P51700048490\""]""]",cmf3zcoe80000vcf8sd4qfpwd,cmf3ze56e0002vcf8e0hjqnsw,cmf50r5a00000vcj0k1iuocuu,cmf51ieam0001vcj0kljobiod,cmf51ix980003vcj0z7abv17k,,,cmfcccifw004vvca0mvtcgxos,Lodha Xperia Mall,64C5+C63 Dombivli East Dombivli Maharashtra 421301,421201,RESIDENTIAL,2BHK,2BHK,cmfcccifv004tvca0yjaewx04,cmfcccifv004svca07g88pbp7,2,,,2,UNFURNISHED,[],FALSE,,,Sell,https://pub-d28896f69c604ec5aa743cb0397740d9.r2.dev/1757409672776-9c48211b8fc08a50.jpg,580,5770000,"[""https://pub-d28896f69c604ec5aa743cb0397740d9.r2.dev/1757409672776-55a3d0d5d7d3bb44.jpg""]",,na,21:18.4,21:18.4
cmfcd6uup005fvca03vhph9j1,RESIDENTIAL,Bhoomi antara ,STANDALONE,luxury-bhoomi-antara--ashoknagar-chembur-mumbai-093979,,UNDER_CONSTRUCTION,,"[""[\""P51800045215\""]""]",cmf3zcoe80000vcf8sd4qfpwd,cmf3ze56e0002vcf8e0hjqnsw,cmf50r5a00000vcj0k1iuocuu,cmf51ieam0001vcj0kljobiod,cmf51ix980003vcj0z7abv17k,,,cmfcd6uus005ovca0f1pjzb76,R City,"3WG5+CHM, 90 Feet Rd, Garodia Nagar, Ghatkopar East, Mumbai, Maharashtra 400077",400077,RESIDENTIAL,2BHK,2BHK,cmfcd6uur005jvca02nt9ohd3,cmfcd6uur005ivca0zanvi722,2,,,0,UNFURNISHED,[],FALSE,,,Sell,https://pub-d28896f69c604ec5aa743cb0397740d9.r2.dev/1757411089519-382dc615d1a8a01c.jpg,518.71,17000000,"[""https://pub-d28896f69c604ec5aa743cb0397740d9.r2.dev/1757411089520-1fd3665afc1a746a.jpg""]",,na,44:54.2,44:54.2
cmfcd6uup005fvca03vhph9j1,RESIDENTIAL,Bhoomi antara ,STANDALONE,luxury-bhoomi-antara--ashoknagar-chembur-mumbai-093979,,UNDER_CONSTRUCTION,,"[""[\""P51800045215\""]""]",cmf3zcoe80000vcf8sd4qfpwd,cmf3ze56e0002vcf8e0hjqnsw,cmf50r5a00000vcj0k1iuocuu,cmf51ieam0001vcj0kljobiod,cmf51ix980003vcj0z7abv17k,,,cmfcd6uus005ovca0f1pjzb76,R City,"3WG5+CHM, 90 Feet Rd, Garodia Nagar, Ghatkopar East, Mumbai, Maharashtra 400077",400077,RESIDENTIAL,2BHK,2BHK,cmfcd6uur005kvca0xz0ru5kf,cmfcd6uur005ivca0zanvi722,2,,,2,UNFURNISHED,[],FALSE,,,Sell,https://pub-d28896f69c604ec5aa743cb0397740d9.r2.dev/1757411089523-4a25ba0ab26ba4af.jpg,712.68,24000000,"[""https://pub-d28896f69c604ec5aa743cb0397740d9.r2.dev/1757411089524-f866cded7e572242.jpg""]",,na,44:54.2,44:54.2
cmfcd6uup005fvca03vhph9j1,RESIDENTIAL,Bhoomi antara ,STANDALONE,luxury-bhoomi-antara--ashoknagar-chembur-mumbai-093979,,UNDER_CONSTRUCTION,,"[""[\""P51800045215\""]""]",cmf3zcoe80000vcf8sd4qfpwd,cmf3ze56e0002vcf8e0hjqnsw,cmf50r5a00000vcj0k1iuocuu,cmf51ieam0001vcj0kljobiod,cmf51ix980003vcj0z7abv17k,,,cmfcd6uus005ovca0f1pjzb76,R City,"3WG5+CHM, 90 Feet Rd, Garodia Nagar, Ghatkopar East, Mumbai, Maharashtra 400077",400077,RESIDENTIAL,3BHK,3BHK,cmfcd6uus005mvca0z74nkpkh,cmfcd6uur005lvca0r1lfayx1,3,,,0,UNFURNISHED,[],FALSE,,,Sell,https://pub-d28896f69c604ec5aa743cb0397740d9.r2.dev/1757411089524-85f5063857a9e066.jpg,1098.46,37000000,"[""https://pub-d28896f69c604ec5aa743cb0397740d9.r2.dev/1757411089525-9e16be48ea1c5dca.jpg""]",,na,44:54.2,44:54.2
cmfcdo9ei006gvca0wq9t8usr,BOTH,Arkade Prime,COMPLEX,luxury-arkade-prime-ashoknagar-chembur-mumbai-906049,,UNDER_CONSTRUCTION,,"[""[\""P51800047081\""]""]",cmf3zcoe80000vcf8sd4qfpwd,cmf3ze56e0002vcf8e0hjqnsw,cmf50r5a00000vcj0k1iuocuu,cmf51ieam0001vcj0kljobiod,cmf51ix980003vcj0z7abv17k,,,cmfcdo9ek006qvca0y01p1j7c,Criticare Hospital,"Makwana Rd, Gamdevi, Marol, Andheri East, Mumbai, Maharashtra 400059",400059,RESIDENTIAL,1BHK,1BHK,cmfcdo9ej006kvca0mi9penvv,cmfcdo9ej006jvca0unalmr56,1,,,1,UNFURNISHED,[],FALSE,,,Sell,https://pub-d28896f69c604ec5aa743cb0397740d9.r2.dev/1757411900104-d2b27e1086902c25.jpg,425.39,12000000,"[""https://pub-d28896f69c604ec5aa743cb0397740d9.r2.dev/1757411900105-0cd46f586c660d51.jpg""]",,na,58:26.2,58:26.2
cmfcdo9ei006gvca0wq9t8usr,BOTH,Arkade Prime,COMPLEX,luxury-arkade-prime-ashoknagar-chembur-mumbai-906049,,UNDER_CONSTRUCTION,,"[""[\""P51800047081\""]""]",cmf3zcoe80000vcf8sd4qfpwd,cmf3ze56e0002vcf8e0hjqnsw,cmf50r5a00000vcj0k1iuocuu,cmf51ieam0001vcj0kljobiod,cmf51ix980003vcj0z7abv17k,,,cmfcdo9ek006qvca0y01p1j7c,Criticare Hospital,"Makwana Rd, Gamdevi, Marol, Andheri East, Mumbai, Maharashtra 400059",400059,RESIDENTIAL,2BHK,2BHK,cmfcdo9ek006mvca080i6yeza,cmfcdo9ek006lvca0wye9m2zq,2,,,2,UNFURNISHED,[],FALSE,,,Sell,https://pub-d28896f69c604ec5aa743cb0397740d9.r2.dev/1757411900105-92746a06993e21a1.jpg,589.43,17000000,"[""https://pub-d28896f69c604ec5aa743cb0397740d9.r2.dev/1757411900106-3270032d1b3b29a6.jpg""]",,na,58:26.2,58:26.2
cmfcdo9ei006gvca0wq9t8usr,BOTH,Arkade Prime,COMPLEX,luxury-arkade-prime-ashoknagar-chembur-mumbai-906049,,UNDER_CONSTRUCTION,,"[""[\""P51800047081\""]""]",cmf3zcoe80000vcf8sd4qfpwd,cmf3ze56e0002vcf8e0hjqnsw,cmf50r5a00000vcj0k1iuocuu,cmf51ieam0001vcj0kljobiod,cmf51ix980003vcj0z7abv17k,,,cmfcdo9ek006qvca0y01p1j7c,Criticare Hospital,"Makwana Rd, Gamdevi, Marol, Andheri East, Mumbai, Maharashtra 400059",400059,RESIDENTIAL,Office space,,cmfcdo9ek006ovca0wwc1e84f,cmfcdo9ek006nvca0aerkp2r8,1,,,1,UNFURNISHED,[],FALSE,,,Sell,https://pub-d28896f69c604ec5aa743cb0397740d9.r2.dev/1757411900106-2052b7fd49a2faaa.jpg,710.63,21000000,"[""https://pub-d28896f69c604ec5aa743cb0397740d9.r2.dev/1757411900108-5b7ad0636af0eef0.jpg""]",,na,58:26.2,58:26.2
cmfcg9ren0001vc209rw25eve,RESIDENTIAL,Glory,STANDALONE,luxury-glory-katewasti-punawale-pune-268353,,UNDER_CONSTRUCTION,,"[""[\""P52100077028\""]""]",cmf3zcoe80000vcf8sd4qfpwd,cmf3ze56e0002vcf8e0hjqnsw,cmf6nu3ru000gvcxspxarll3v,cmfcfnqp6007zvca0dcgj52pp,cmfcfoprz0081vca0fus0zwq5,,,cmfcg9req000avc20v8brb1zg, Sarai Sport Acadamy," Kate Wasti Rd, Kate Wasti, Punawale, Pimpri-Chinchwad, Dattwadi, Maharashtra 411033",411033,RESIDENTIAL,2BHK,2BHK,cmfcg9rep0005vc20150vzeqp,cmfcg9rep0004vc20nnmldrf5,0,,,2,UNFURNISHED,[],FALSE,,,Sell,https://pub-d28896f69c604ec5aa743cb0397740d9.r2.dev/1757416263429-b34f6e00dad04cee.jpg,835,67000000,"[""https://pub-d28896f69c604ec5aa743cb0397740d9.r2.dev/1757416263441-db4005e8699b54f5.jpg""]",,na,11:08.5,11:08.5
cmfcg9ren0001vc209rw25eve,RESIDENTIAL,Glory,STANDALONE,luxury-glory-katewasti-punawale-pune-268353,,UNDER_CONSTRUCTION,,"[""[\""P52100077028\""]""]",cmf3zcoe80000vcf8sd4qfpwd,cmf3ze56e0002vcf8e0hjqnsw,cmf6nu3ru000gvcxspxarll3v,cmfcfnqp6007zvca0dcgj52pp,cmfcfoprz0081vca0fus0zwq5,,,cmfcg9req000avc20v8brb1zg, Sarai Sport Acadamy," Kate Wasti Rd, Kate Wasti, Punawale, Pimpri-Chinchwad, Dattwadi, Maharashtra 411033",411033,RESIDENTIAL,3BHK,3BHK,cmfcg9rep0007vc20aotbggv3,cmfcg9rep0006vc20zocna1zw,3,,,2,UNFURNISHED,[],FALSE,,,Sell,https://pub-d28896f69c604ec5aa743cb0397740d9.r2.dev/1757416263442-37973fcf73632905.jpg,1064,86000000,"[""https://pub-d28896f69c604ec5aa743cb0397740d9.r2.dev/1757416263443-efccc3b7b11a9cf6.jpg""]",,na,11:08.5,11:08.5
cmfcg9ren0001vc209rw25eve,RESIDENTIAL,Glory,STANDALONE,luxury-glory-katewasti-punawale-pune-268353,,UNDER_CONSTRUCTION,,"[""[\""P52100077028\""]""]",cmf3zcoe80000vcf8sd4qfpwd,cmf3ze56e0002vcf8e0hjqnsw,cmf6nu3ru000gvcxspxarll3v,cmfcfnqp6007zvca0dcgj52pp,cmfcfoprz0081vca0fus0zwq5,,,cmfcg9req000avc20v8brb1zg, Sarai Sport Acadamy," Kate Wasti Rd, Kate Wasti, Punawale, Pimpri-Chinchwad, Dattwadi, Maharashtra 411033",411033,RESIDENTIAL,3BHK,3BHK,cmfcg9rep0008vc207t5kmleq,cmfcg9rep0006vc20zocna1zw,3,,,2,UNFURNISHED,[],FALSE,,,Sell,https://pub-d28896f69c604ec5aa743cb0397740d9.r2.dev/1757416263444-42b0f4d7ba7315d4.jpg,1185,96000000,"[""https://pub-d28896f69c604ec5aa743cb0397740d9.r2.dev/1757416263445-61ad0a336e5cd7e8.jpg""]",,na,11:08.5,11:08.5
cmfdmdqmq0008vc90svu2sfto,RESIDENTIAL,Antriksh,STANDALONE,luxury-antriksh-somwarpeth-camp-pune-997560,,UNDER_CONSTRUCTION,,"[""P52100019454"",""P52100047488""]",cmf3zcoe80000vcf8sd4qfpwd,cmf3ze56e0002vcf8e0hjqnsw,cmf6nu3ru000gvcxspxarll3v,cmf6pksk30035vcxs7r2mo3iq,cmfdkuymm0001vc90iiyzkr8d,,,cmfdmdqmu000jvc90b6auuc6b,Station Road Saraswat Colony,"CTS NO 391, Station Rd, opp. Zilla Parishad, Mangalwar Peth, Somwar Peth, Pune, Maharashtra 411011",411011,RESIDENTIAL,1BHK,1BHK,cmfdmdqms000cvc90o7xhka3i,cmfdmdqms000bvc90e1hpq42a,1,,,1,UNFURNISHED,[],FALSE,,,Sell,https://pub-d28896f69c604ec5aa743cb0397740d9.r2.dev/1757486991474-f7da47510a2039a9.jpeg,269.1,5649000,"[""https://pub-d28896f69c604ec5aa743cb0397740d9.r2.dev/1757486991482-830ba2f79d951b2a.jpg""]",,,49:58.0,49:58.0
cmfdmdqmq0008vc90svu2sfto,RESIDENTIAL,Antriksh,STANDALONE,luxury-antriksh-somwarpeth-camp-pune-997560,,UNDER_CONSTRUCTION,,"[""P52100019454"",""P52100047488""]",cmf3zcoe80000vcf8sd4qfpwd,cmf3ze56e0002vcf8e0hjqnsw,cmf6nu3ru000gvcxspxarll3v,cmf6pksk30035vcxs7r2mo3iq,cmfdkuymm0001vc90iiyzkr8d,,,cmfdmdqmu000jvc90b6auuc6b,Station Road Saraswat Colony,"CTS NO 391, Station Rd, opp. Zilla Parishad, Mangalwar Peth, Somwar Peth, Pune, Maharashtra 411011",411011,RESIDENTIAL,2BHK,2BHK,cmfdmdqmt000evc90cfyoejib,cmfdmdqmt000dvc90s9ndd0nq,2,,,2,UNFURNISHED,[],FALSE,,,Sell,https://pub-d28896f69c604ec5aa743cb0397740d9.r2.dev/1757486991488-c0b949b98960c0ed.jpg,685,14300000,"[""https://pub-d28896f69c604ec5aa743cb0397740d9.r2.dev/1757486991494-9ac904a02c4e153c.jpg""]",,,49:58.0,49:58.0
cmfdmdqmq0008vc90svu2sfto,RESIDENTIAL,Antriksh,STANDALONE,luxury-antriksh-somwarpeth-camp-pune-997560,,UNDER_CONSTRUCTION,,"[""P52100019454"",""P52100047488""]",cmf3zcoe80000vcf8sd4qfpwd,cmf3ze56e0002vcf8e0hjqnsw,cmf6nu3ru000gvcxspxarll3v,cmf6pksk30035vcxs7r2mo3iq,cmfdkuymm0001vc90iiyzkr8d,,,cmfdmdqmu000jvc90b6auuc6b,Station Road Saraswat Colony,"CTS NO 391, Station Rd, opp. Zilla Parishad, Mangalwar Peth, Somwar Peth, Pune, Maharashtra 411011",411011,RESIDENTIAL,2BHK,2BHK,cmfdmdqmt000fvc900m43j9nq,cmfdmdqmt000dvc90s9ndd0nq,2,,,1,UNFURNISHED,[],FALSE,,,Sell,,900,18900000,[],,,49:58.0,49:58.0
cmfdmdqmq0008vc90svu2sfto,RESIDENTIAL,Antriksh,STANDALONE,luxury-antriksh-somwarpeth-camp-pune-997560,,UNDER_CONSTRUCTION,,"[""P52100019454"",""P52100047488""]",cmf3zcoe80000vcf8sd4qfpwd,cmf3ze56e0002vcf8e0hjqnsw,cmf6nu3ru000gvcxspxarll3v,cmf6pksk30035vcxs7r2mo3iq,cmfdkuymm0001vc90iiyzkr8d,,,cmfdmdqmu000jvc90b6auuc6b,Station Road Saraswat Colony,"CTS NO 391, Station Rd, opp. Zilla Parishad, Mangalwar Peth, Somwar Peth, Pune, Maharashtra 411011",411011,RESIDENTIAL,3BHK,3BHK,cmfdmdqmt000hvc90cqvdwrq7,cmfdmdqmt000gvc90h6gcwpga,3,,,2,UNFURNISHED,[],FALSE,,,Sell,https://pub-d28896f69c604ec5aa743cb0397740d9.r2.dev/1757486991499-74fa17a4c97985e2.jpg,1095,22900000,"[""https://pub-d28896f69c604ec5aa743cb0397740d9.r2.dev/1757486991505-2373b8e162de669f.jpg""]",,,49:58.0,49:58.0
cmfdnk2rz001rvc90t6aa3f0e,RESIDENTIAL,16 Lakaki,STANDALONE,16-lakaki-modelcolony-shivajinagar-pune-470663,,UNDER_CONSTRUCTION,,"[""P52100078263""]",cmf3zcoe80000vcf8sd4qfpwd,cmf3ze56e0002vcf8e0hjqnsw,cmf6nu3ru000gvcxspxarll3v,cmf6pk0cn0033vcxshxbf5hdh,cmfdn705v001pvc90uyle9m34,sdfghgvbndfgh,,cmfdnk2s1001xvc90bewa3cn0,Model Colony,"1102/A/48, Lakaki Rd, Model Colony, Shivajinagar, Pune, Maharashtra 411016",411016,RESIDENTIAL,4.5BHK,Custom,cmfdnk2s1001vvc90hgqf4i31,cmfdnk2s1001uvc90qi4xuo6m,4,,,2,UNFURNISHED,[],FALSE,,,Sell,https://pub-d28896f69c604ec5aa743cb0397740d9.r2.dev/1757488967184-719e10b6efff3546.jpg,2650,55800000,"[""https://pub-d28896f69c604ec5aa743cb0397740d9.r2.dev/1757488967185-54cee65e85919c06.jpg""]",,,22:53.3,22:53.3
cmfdro2w2002ivc90co2n24lb,RESIDENTIAL,Dinmanee ,STANDALONE,luxury-dinmanee--modelcolony-shivajinagar-pune-878430,,UNDER_CONSTRUCTION,,"[""[\""P52100079399\""]""]",cmf3zcoe80000vcf8sd4qfpwd,cmf3ze56e0002vcf8e0hjqnsw,cmf6nu3ru000gvcxspxarll3v,cmf6pk0cn0033vcxshxbf5hdh,cmfdn705v001pvc90uyle9m34,,,cmfdro2w4002ovc90arhj0v5w,Bharat English School & jr. College,"Dinmanee, Squadron Leader Sureshchandra Bhagwat Rd, Model Colony, Shivajinagar, Pune, Maharashtra 411016",411016,RESIDENTIAL,3BHK,3BHK,cmfdro2w3002mvc90s7nanw73,cmfdro2w3002lvc90reujbiw4,3,,,2,UNFURNISHED,[],FALSE,,,Sell,https://pub-d28896f69c604ec5aa743cb0397740d9.r2.dev/1757495874341-877b209a8dd708f2.jpg,1065,25400000,"[""https://pub-d28896f69c604ec5aa743cb0397740d9.r2.dev/1757495874342-f91c6d45130b2367.jpg""]",,,17:58.6,17:58.6
cmfdssd190037vc90paoxv29h,RESIDENTIAL,Zoa Building - 2 Wing A,STANDALONE,zoa-building-2-wing-a-keshavnagar-mundhwa-pune-757777,,UNDER_CONSTRUCTION,,"[""[\""P52100056199\""]""]",cmf3zcoe80000vcf8sd4qfpwd,cmf3ze56e0002vcf8e0hjqnsw,cmf6nu3ru000gvcxspxarll3v,cmf6pwxtd003gvcxszmny2jn7,cmfds8hud0030vc90h37juexd,,,cmfdssd1b003fvc90p5sgwr4n,Renuka mata mandir,"Sr.no.36 Zoa, keshav nagar,Neatr renuka mata Temple Mundhwa, pune 411036",411036,RESIDENTIAL,1BHK,1BHK,cmfdssd1b003bvc90y4vu1v7i,cmfdssd1a003avc90t92jvmti,1,,,1,UNFURNISHED,[],FALSE,,,Sell,https://pub-d28896f69c604ec5aa743cb0397740d9.r2.dev/1757497751961-62a4a746ffb7d92a.jpeg,450,7499000,"[""https://pub-d28896f69c604ec5aa743cb0397740d9.r2.dev/1757497751961-e4b9f6b35ff84fc4.jpg""]",,,49:17.9,49:17.9
cmfdssd190037vc90paoxv29h,RESIDENTIAL,Zoa Building - 2 Wing A,STANDALONE,zoa-building-2-wing-a-keshavnagar-mundhwa-pune-757777,,UNDER_CONSTRUCTION,,"[""[\""P52100056199\""]""]",cmf3zcoe80000vcf8sd4qfpwd,cmf3ze56e0002vcf8e0hjqnsw,cmf6nu3ru000gvcxspxarll3v,cmf6pwxtd003gvcxszmny2jn7,cmfds8hud0030vc90h37juexd,,,cmfdssd1b003fvc90p5sgwr4n,Renuka mata mandir,"Sr.no.36 Zoa, keshav nagar,Neatr renuka mata Temple Mundhwa, pune 411036",411036,RESIDENTIAL,2BHK,2BHK,cmfdssd1b003dvc903vfdvvi2,cmfdssd1b003cvc905s09tzlj,2,,,2,UNFURNISHED,[],FALSE,,,Sell,https://pub-d28896f69c604ec5aa743cb0397740d9.r2.dev/1757497751962-8264b2f46aeac8b4.jpg,850,14100000,"[""https://pub-d28896f69c604ec5aa743cb0397740d9.r2.dev/1757497751962-181b9fb00f69e030.jpg""]",,,49:17.9,49:17.9
cmfdu20970046vc90g587nym1,RESIDENTIAL,Leela by Empyrean Landmarks - Phase 1 & 2,STANDALONE,leela-by-empyrean-landmar-thitenagar-kharadi-pune-887385,,UNDER_CONSTRUCTION,,"[""[\""P52100078302\"",\""P52100052570\""]""]",cmf3zcoe80000vcf8sd4qfpwd,cmf3ze56e0002vcf8e0hjqnsw,cmf6nu3ru000gvcxspxarll3v,cmf6pxwqh003jvcxs9xzbgo7z,cmfdt1o8c003zvc90uqngk7v6,,,cmfdu2099004evc90okn0mpde,Shri Kshetra Kalbhairavnath Temple,"Survey no. 18-19, plot no. p7, river road, Thite Nagar, Kharadi, Pune, Maharashtra 411014",411014,RESIDENTIAL,2BHK,2BHK,cmfdu2098004avc90e18s3onw,cmfdu20980049vc901gbx5yzt,2,,,1,UNFURNISHED,[],FALSE,,,Sell,https://pub-d28896f69c604ec5aa743cb0397740d9.r2.dev/1757499882365-234e90325d589de6.jpg,774,13600000,"[""https://pub-d28896f69c604ec5aa743cb0397740d9.r2.dev/1757499882366-5ff9be2083ac3230.jpg""]",,,24:47.6,24:47.6
cmfdu20970046vc90g587nym1,RESIDENTIAL,Leela by Empyrean Landmarks - Phase 1 & 2,STANDALONE,leela-by-empyrean-landmar-thitenagar-kharadi-pune-887385,,UNDER_CONSTRUCTION,,"[""[\""P52100078302\"",\""P52100052570\""]""]",cmf3zcoe80000vcf8sd4qfpwd,cmf3ze56e0002vcf8e0hjqnsw,cmf6nu3ru000gvcxspxarll3v,cmf6pxwqh003jvcxs9xzbgo7z,cmfdt1o8c003zvc90uqngk7v6,,,cmfdu2099004evc90okn0mpde,Shri Kshetra Kalbhairavnath Temple,"Survey no. 18-19, plot no. p7, river road, Thite Nagar, Kharadi, Pune, Maharashtra 411014",411014,RESIDENTIAL,3BHK,3BHK,cmfdu2099004cvc90ne8y9pf7,cmfdu2099004bvc90md0gqlsn,3,,,2,UNFURNISHED,[],FALSE,,,Sell,https://pub-d28896f69c604ec5aa743cb0397740d9.r2.dev/1757499882367-f956a3cf2e42cc2e.jpg,1044,13900000,"[""https://pub-d28896f69c604ec5aa743cb0397740d9.r2.dev/1757499882368-39d519773fe47182.jpg""]",,,24:47.6,24:47.6
cmfdvkxeu0053vc90gquj3cbz,RESIDENTIAL,Midori Towers,TOWNSHIP,midori-towers-modelcolony-shivajinagar-pune-449745,,UNDER_CONSTRUCTION,,"[""[\""P52100047310\""]""]",cmf3zcoe80000vcf8sd4qfpwd,cmf3ze56e0002vcf8e0hjqnsw,cmf6nu3ru000gvcxspxarll3v,cmf6pk0cn0033vcxshxbf5hdh,cmfdn705v001pvc90uyle9m34,,,cmfdvkxex0059vc90y73532b2,Sai nagar Rd,"Sai Nagar, Mamurdi, Dehu Road, Maharashtra 412101",412101,RESIDENTIAL,2BHK,2BHK,cmfdvkxew0057vc90kpqcfjys,cmfdvkxew0056vc90azi120pa,2,,,1,UNFURNISHED,[],FALSE,,,Sell,https://pub-d28896f69c604ec5aa743cb0397740d9.r2.dev/1757502445782-c4d339912dac6059.jpg,912,66800000,"[""https://pub-d28896f69c604ec5aa743cb0397740d9.r2.dev/1757502445783-07ddd86f8b94a188.jpg""]",,,07:30.0,07:30.0
cmfdxi4sv005rvc90ygfhnzc9,RESIDENTIAL,Kedar Residency,STANDALONE,kedar-residency-modelcolony-shivajinagar-pune-678656,,READY_TO_MOVE,0,"[""[\""P52100032109\""]""]",cmf3zcoe80000vcf8sd4qfpwd,cmf3ze56e0002vcf8e0hjqnsw,cmf6nu3ru000gvcxspxarll3v,cmf6pk0cn0033vcxshxbf5hdh,cmfdn705v001pvc90uyle9m34,,,cmfdxi4sy005zvc909kpgh2dl, Maharashtra Cricket Association Stadium,"MP78+P45, St Tukaram Nagar, Mamurdi, Dehu Road, Maharashtra 412101",412101,RESIDENTIAL,1BHK,,cmfz8hny50001wkcc52edymyk,cmfdxi4sx005uvc90ek5w6w18,1,,,1,FURNISHED,"[""KITCHEN_APPLIANCES"",""LIGHTS_FANS"",""WARDROBE"",""MODULAR_KITCHEN""]",FALSE,,,Sell,https://pub-d28896f69c604ec5aa743cb0397740d9.r2.dev/1757505674362-a03f1a776276e18c.jpg,497,30400000,"[""https://pub-d28896f69c604ec5aa743cb0397740d9.r2.dev/1757505674367-357debf889702320.jpg""]",,,52:02.4,52:02.4
cmfdxi4sv005rvc90ygfhnzc9,RESIDENTIAL,Kedar Residency,STANDALONE,kedar-residency-modelcolony-shivajinagar-pune-678656,,READY_TO_MOVE,0,"[""[\""P52100032109\""]""]",cmf3zcoe80000vcf8sd4qfpwd,cmf3ze56e0002vcf8e0hjqnsw,cmf6nu3ru000gvcxspxarll3v,cmf6pk0cn0033vcxshxbf5hdh,cmfdn705v001pvc90uyle9m34,,,cmfdxi4sy005zvc909kpgh2dl, Maharashtra Cricket Association Stadium,"MP78+P45, St Tukaram Nagar, Mamurdi, Dehu Road, Maharashtra 412101",412101,RESIDENTIAL,2BHK,,cmfz8hs5g000bwkccafirnr9h,cmfdxi4sx005wvc90x44fqzb5,0,,,0,UNFURNISHED,[],FALSE,,,Sell,https://pub-d28896f69c604ec5aa743cb0397740d9.r2.dev/1757505674380-a846f28fd0ac4508.jpg,805,49000000,"[""https://pub-d28896f69c604ec5aa743cb0397740d9.r2.dev/1757505674385-88d968255a68bec4.jpg""]",,,52:07.9,52:07.9
cmfdyb2yc006rvc900owycgrv,RESIDENTIAL,Sonai Clara,STANDALONE,sonai-clara-brtlinkrd-ravet-pune-029297,,UNDER_CONSTRUCTION,,"[""[\""P52100080205\""]""]",cmf3zcoe80000vcf8sd4qfpwd,cmf3ze56e0002vcf8e0hjqnsw,cmf6nu3ru000gvcxspxarll3v,cmf6qgr4u004fvcxswao9nc4r,cmfdxt4wr006pvc90zvflron5,,,cmfdyb2yf0071vc90z0jmbahe,Chandraprabha corner,"BRT Link Rd, Ravet, Pimpri-Chinchwad, Maharashtra 412101",412099,RESIDENTIAL,2BHK,,cmfgp97cv0001vxiu8xn9weu6,cmfdyb2yd006uvc90uba2ys2y,2,,,1,UNFURNISHED,[],FALSE,,,Sell,https://pub-d28896f69c604ec5aa743cb0397740d9.r2.dev/1757507025374-12d089344fa03c16.jpg,719,7916000,"[""https://pub-d28896f69c604ec5aa743cb0397740d9.r2.dev/1757507025374-6b9222f0e2694408.jpg""]",,,33:43.8,33:43.8
cmfdyb2yc006rvc900owycgrv,RESIDENTIAL,Sonai Clara,STANDALONE,sonai-clara-brtlinkrd-ravet-pune-029297,,UNDER_CONSTRUCTION,,"[""[\""P52100080205\""]""]",cmf3zcoe80000vcf8sd4qfpwd,cmf3ze56e0002vcf8e0hjqnsw,cmf6nu3ru000gvcxspxarll3v,cmf6qgr4u004fvcxswao9nc4r,cmfdxt4wr006pvc90zvflron5,,,cmfdyb2yf0071vc90z0jmbahe,Chandraprabha corner,"BRT Link Rd, Ravet, Pimpri-Chinchwad, Maharashtra 412101",412099,RESIDENTIAL,2BHK,,cmfgp97ei0003vxiubxjn87zv,cmfdyb2yd006uvc90uba2ys2y,8,,,1,UNFURNISHED,[],FALSE,,,Sell,https://pub-d28896f69c604ec5aa743cb0397740d9.r2.dev/1757507025375-8c1c881fc556c580.jpg,714,7624000,"[""https://pub-d28896f69c604ec5aa743cb0397740d9.r2.dev/1757507025375-b7d209814ec2b899.jpg"",""https://pub-d28896f69c604ec5aa743cb0397740d9.r2.dev/1757573877398-e4d685da0a0dfae1.jpg""]",,,33:43.8,33:43.8
cmfdyb2yc006rvc900owycgrv,RESIDENTIAL,Sonai Clara,STANDALONE,sonai-clara-brtlinkrd-ravet-pune-029297,,UNDER_CONSTRUCTION,,"[""[\""P52100080205\""]""]",cmf3zcoe80000vcf8sd4qfpwd,cmf3ze56e0002vcf8e0hjqnsw,cmf6nu3ru000gvcxspxarll3v,cmf6qgr4u004fvcxswao9nc4r,cmfdxt4wr006pvc90zvflron5,,,cmfdyb2yf0071vc90z0jmbahe,Chandraprabha corner,"BRT Link Rd, Ravet, Pimpri-Chinchwad, Maharashtra 412101",412099,RESIDENTIAL,3BHK,,cmfgp9avl000mvxiui2lz3xmj,cmfdyb2ye006xvc90tgudor3v,3,,,2,UNFURNISHED,[],FALSE,,,Sell,https://pub-d28896f69c604ec5aa743cb0397740d9.r2.dev/1757507025375-6d208dc15b1ffe3b.jpg,954,9900000,"[""https://pub-d28896f69c604ec5aa743cb0397740d9.r2.dev/1757507025385-aedb0110dffa5f27.jpg""]",,,33:48.4,33:48.4
cmfdyb2yc006rvc900owycgrv,RESIDENTIAL,Sonai Clara,STANDALONE,sonai-clara-brtlinkrd-ravet-pune-029297,,UNDER_CONSTRUCTION,,"[""[\""P52100080205\""]""]",cmf3zcoe80000vcf8sd4qfpwd,cmf3ze56e0002vcf8e0hjqnsw,cmf6nu3ru000gvcxspxarll3v,cmf6qgr4u004fvcxswao9nc4r,cmfdxt4wr006pvc90zvflron5,,,cmfdyb2yf0071vc90z0jmbahe,Chandraprabha corner,"BRT Link Rd, Ravet, Pimpri-Chinchwad, Maharashtra 412101",412099,RESIDENTIAL,3BHK,,cmfgp9avl000nvxiu2x1yqc8h,cmfdyb2ye006xvc90tgudor3v,3,,,2,UNFURNISHED,[],FALSE,,,Sell,https://pub-d28896f69c604ec5aa743cb0397740d9.r2.dev/1757507025386-cd046b94df0f53d9.jpg,973,11000000,[],,,33:48.4,33:48.4
cmfdz9fvx0088vc90pw26eyr8,RESIDENTIAL,Santiago Skytown,STANDALONE,santiago-skytown-vikasnagar-ravet-pune-632333,,UNDER_CONSTRUCTION,,"[""[\""P52100077942\""]""]",cmf3zcoe80000vcf8sd4qfpwd,cmf3ze56e0002vcf8e0hjqnsw,cmf6nu3ru000gvcxspxarll3v,cmf6qgr4u004fvcxswao9nc4r,cmfdyubxb0086vc90glhoi1tr,,,cmfdz9fvz008hvc9079u0jrlc,Police Station,"Santiago sky town, MP9R+2JG, Ravet Rd, Vikas Nagar, Ravet, Pimpri-Chinchwad, Dehu Road, Maharashtra 412101",412101,RESIDENTIAL,2BHK,2BHK,cmfdz9fvy008cvc90tbqa3czs,cmfdz9fvy008bvc90b7nawpiw,2,,,1,UNFURNISHED,[],FALSE,,,Sell,https://pub-d28896f69c604ec5aa743cb0397740d9.r2.dev/1757508627511-94d95f7bbb80de8a.jpg,767,784300000,"[""https://pub-d28896f69c604ec5aa743cb0397740d9.r2.dev/1757508627511-f415324344fe391c.jpg""]",,,50:32.5,50:32.5
cmfdz9fvx0088vc90pw26eyr8,RESIDENTIAL,Santiago Skytown,STANDALONE,santiago-skytown-vikasnagar-ravet-pune-632333,,UNDER_CONSTRUCTION,,"[""[\""P52100077942\""]""]",cmf3zcoe80000vcf8sd4qfpwd,cmf3ze56e0002vcf8e0hjqnsw,cmf6nu3ru000gvcxspxarll3v,cmf6qgr4u004fvcxswao9nc4r,cmfdyubxb0086vc90glhoi1tr,,,cmfdz9fvz008hvc9079u0jrlc,Police Station,"Santiago sky town, MP9R+2JG, Ravet Rd, Vikas Nagar, Ravet, Pimpri-Chinchwad, Dehu Road, Maharashtra 412101",412101,RESIDENTIAL,2BHK,2BHK,cmfdz9fvy008dvc90825ql292,cmfdz9fvy008bvc90b7nawpiw,2,,,1,UNFURNISHED,[],FALSE,,,Sell,https://pub-d28896f69c604ec5aa743cb0397740d9.r2.dev/1757508627511-b25862c0a7c41854.jpg,786,8037000,"[""https://pub-d28896f69c604ec5aa743cb0397740d9.r2.dev/1757508627515-f85803015d61e3d3.jpg""]",,,50:32.5,50:32.5
cmfdz9fvx0088vc90pw26eyr8,RESIDENTIAL,Santiago Skytown,STANDALONE,santiago-skytown-vikasnagar-ravet-pune-632333,,UNDER_CONSTRUCTION,,"[""[\""P52100077942\""]""]",cmf3zcoe80000vcf8sd4qfpwd,cmf3ze56e0002vcf8e0hjqnsw,cmf6nu3ru000gvcxspxarll3v,cmf6qgr4u004fvcxswao9nc4r,cmfdyubxb0086vc90glhoi1tr,,,cmfdz9fvz008hvc9079u0jrlc,Police Station,"Santiago sky town, MP9R+2JG, Ravet Rd, Vikas Nagar, Ravet, Pimpri-Chinchwad, Dehu Road, Maharashtra 412101",412101,RESIDENTIAL,3BHK,3BHK,cmfdz9fvy008fvc90mg7x9wwf,cmfdz9fvy008evc90f98iggaw,3,,,2,UNFURNISHED,[],FALSE,,,Sell,https://pub-d28896f69c604ec5aa743cb0397740d9.r2.dev/1757508627516-8e8d34b349402165.jpg,1017,13900000,"[""https://pub-d28896f69c604ec5aa743cb0397740d9.r2.dev/1757508627516-8162911bdda309f0.jpg""]",,,50:32.5,50:32.5
cmfe01l6h009gvc90y1zazr09,RESIDENTIAL,The silver altair ,STANDALONE,the-silver-altair--pcmc-ravet-pune-945470,,UNDER_CONSTRUCTION,,"[""[\""P52100035075\""]""]",cmf3zcoe80000vcf8sd4qfpwd,cmf3ze56e0002vcf8e0hjqnsw,cmf6nu3ru000gvcxspxarll3v,cmf6qgr4u004fvcxswao9nc4r,cmfdzm7gn009evc907tntxrwq,,,cmfe01l6j009pvc902gw4nwqa,MNGL CNG Station,"The Silver altair Project Sr.No. 8/1,12/5 Near MNGL CNG Station , Aundh Ravet BRTS RD, Ravet",412101,RESIDENTIAL,2BHK,2BHK,cmfe01l6i009kvc90s59ib9e3,cmfe01l6i009jvc90qz54yiev,1,,,4,UNFURNISHED,[],FALSE,,,Sell,https://pub-d28896f69c604ec5aa743cb0397740d9.r2.dev/1757509935799-56e60e5d51f758f8.jpg,880,8409000,"[""https://pub-d28896f69c604ec5aa743cb0397740d9.r2.dev/1757509935800-7ec66eb73cfad6b5.jpg""]",,,12:25.7,12:25.7
cmfe01l6h009gvc90y1zazr09,RESIDENTIAL,The silver altair ,STANDALONE,the-silver-altair--pcmc-ravet-pune-945470,,UNDER_CONSTRUCTION,,"[""[\""P52100035075\""]""]",cmf3zcoe80000vcf8sd4qfpwd,cmf3ze56e0002vcf8e0hjqnsw,cmf6nu3ru000gvcxspxarll3v,cmf6qgr4u004fvcxswao9nc4r,cmfdzm7gn009evc907tntxrwq,,,cmfe01l6j009pvc902gw4nwqa,MNGL CNG Station,"The Silver altair Project Sr.No. 8/1,12/5 Near MNGL CNG Station , Aundh Ravet BRTS RD, Ravet",412101,RESIDENTIAL,2BHK,2BHK,cmfe01l6j009lvc90tcyi3t79,cmfe01l6i009jvc90qz54yiev,2,,,1,UNFURNISHED,[],FALSE,,,Sell,https://pub-d28896f69c604ec5aa743cb0397740d9.r2.dev/1757509935801-62f8a4e2e69af1fb.jpg,921,8885000,"[""https://pub-d28896f69c604ec5aa743cb0397740d9.r2.dev/1757509935801-4a6e51cf542453de.jpg""]",,,12:25.7,12:25.7
cmfe01l6h009gvc90y1zazr09,RESIDENTIAL,The silver altair ,STANDALONE,the-silver-altair--pcmc-ravet-pune-945470,,UNDER_CONSTRUCTION,,"[""[\""P52100035075\""]""]",cmf3zcoe80000vcf8sd4qfpwd,cmf3ze56e0002vcf8e0hjqnsw,cmf6nu3ru000gvcxspxarll3v,cmf6qgr4u004fvcxswao9nc4r,cmfdzm7gn009evc907tntxrwq,,,cmfe01l6j009pvc902gw4nwqa,MNGL CNG Station,"The Silver altair Project Sr.No. 8/1,12/5 Near MNGL CNG Station , Aundh Ravet BRTS RD, Ravet",412101,RESIDENTIAL,3BHK,3BHK,cmfe01l6j009nvc904pcq2sfa,cmfe01l6j009mvc90aj7pny7p,3,,,2,UNFURNISHED,[],FALSE,,,Sell,https://pub-d28896f69c604ec5aa743cb0397740d9.r2.dev/1757509935801-e3046c3165cb6a9a.jpg,1048,11000000,"[""https://pub-d28896f69c604ec5aa743cb0397740d9.r2.dev/1757509935802-e9fd330d696b020e.jpg""]",,,12:25.7,12:25.7
cmff8swbm0001vxp7pe3neibi,RESIDENTIAL,testing,STANDALONE,testing-modelcolony-shivajinagar-pune-301013,,READY_TO_MOVE,11,"[""123456789""]",cmf3zcoe80000vcf8sd4qfpwd,cmf3ze56e0002vcf8e0hjqnsw,cmf6nu3ru000gvcxspxarll3v,cmf6pk0cn0033vcxshxbf5hdh,cmfdn705v001pvc90uyle9m34,sdfghjhgfdfghjgfdfghgfgh,,cmff8swbn0007vxp7bhj7cmqv,sdfgb,asdfgh,123456,RESIDENTIAL,5BHK,,cmfp02pgf0023vxxulf38fhsj,cmfozqxd90001vxxuau2xc6lj,8,,,8,UNFURNISHED,[],FALSE,,,Sell,https://pub-d28896f69c604ec5aa743cb0397740d9.r2.dev/1758174783708-6bab276d8a2b3207.jpg,9.79,10088000,"[""https://pub-d28896f69c604ec5aa743cb0397740d9.r2.dev/1758174623697-27c4f71a991e078c.jpg""]",,asdfghjk,58:45.9,58:45.9
cmff8swbm0001vxp7pe3neibi,RESIDENTIAL,testing,STANDALONE,testing-modelcolony-shivajinagar-pune-301013,,READY_TO_MOVE,11,"[""123456789""]",cmf3zcoe80000vcf8sd4qfpwd,cmf3ze56e0002vcf8e0hjqnsw,cmf6nu3ru000gvcxspxarll3v,cmf6pk0cn0033vcxshxbf5hdh,cmfdn705v001pvc90uyle9m34,sdfghjhgfdfghjgfdfghgfgh,,cmff8swbn0007vxp7bhj7cmqv,sdfgb,asdfgh,123456,RESIDENTIAL,2BHK,,cmfp02t4b002dvxxu826dader,cmfozzj19001rvxxuloxiehen,99,,,987,SEMI_FURNISHED,"[""KITCHEN_APPLIANCES"",""BASIC_FURNITURE""]",FALSE,,,Sell,https://pub-d28896f69c604ec5aa743cb0397740d9.r2.dev/1758174963753-1d59b6ee8bc63eff.jpg,9,980000000,"[""https://pub-d28896f69c604ec5aa743cb0397740d9.r2.dev/1758174963765-07ee6ee92139cc03.jpeg""]",,asdfghjkl;vbn,58:50.6,58:50.6
cmff8swbm0001vxp7pe3neibi,RESIDENTIAL,testing,STANDALONE,testing-modelcolony-shivajinagar-pune-301013,,READY_TO_MOVE,11,"[""123456789""]",cmf3zcoe80000vcf8sd4qfpwd,cmf3ze56e0002vcf8e0hjqnsw,cmf6nu3ru000gvcxspxarll3v,cmf6pk0cn0033vcxshxbf5hdh,cmfdn705v001pvc90uyle9m34,sdfghjhgfdfghjgfdfghgfgh,,cmff8swbn0007vxp7bhj7cmqv,sdfgb,asdfgh,123456,RESIDENTIAL,2BHK,,cmfp02t6d002fvxxubqj69fmu,cmfozzj19001rvxxuloxiehen,10,,,2,UNFURNISHED,[],FALSE,,,Sell,https://pub-d28896f69c604ec5aa743cb0397740d9.r2.dev/1758175122464-bb8651e2ee2d0642.png,3,120000000,"[""https://pub-d28896f69c604ec5aa743cb0397740d9.r2.dev/1758175122464-0dead4f474b5ccbc.jpg""]",,about property,58:50.6,58:50.6
cmftjwws60001vx55r0q7797l,RESIDENTIAL,TESTING,TOWNSHIP,testing-somwarpeth-camp-pune-281770,,READY_TO_MOVE,2,"[""123124"",""345678""]",cmf3zcoe80000vcf8sd4qfpwd,cmf3ze56e0002vcf8e0hjqnsw,cmf6nu3ru000gvcxspxarll3v,cmf6pksk30035vcxs7r2mo3iq,cmfdkuymm0001vc90iiyzkr8d,PROJECT SUMMARY,,cmftjwws90009vx552vtbze6k,LANDMARK,ADDRESS,123456,RESIDENTIAL,4BHK,4BHK,cmftjwws80005vx55hh50oj5t,cmftjwws80004vx55yx8nel0u,1,,,2,SEMI_FURNISHED,"[""KITCHEN_APPLIANCES"",""WARDROBE""]",FALSE,,,Sell,https://pub-d28896f69c604ec5aa743cb0397740d9.r2.dev/1758450157387-61f41f3b1aba317d.jpg,12,20000000,"[""https://pub-d28896f69c604ec5aa743cb0397740d9.r2.dev/1758450157413-fd5b7567dbd1a680.png""]",,about this property hahah,25:12.4,25:12.4
cmftjwws60001vx55r0q7797l,RESIDENTIAL,TESTING,TOWNSHIP,testing-somwarpeth-camp-pune-281770,,READY_TO_MOVE,2,"[""123124"",""345678""]",cmf3zcoe80000vcf8sd4qfpwd,cmf3ze56e0002vcf8e0hjqnsw,cmf6nu3ru000gvcxspxarll3v,cmf6pksk30035vcxs7r2mo3iq,cmfdkuymm0001vc90iiyzkr8d,PROJECT SUMMARY,,cmftjwws90009vx552vtbze6k,LANDMARK,ADDRESS,123456,RESIDENTIAL,4.5BHK,,cmftjwws80007vx55btfpj0zh,cmftjwws80006vx55x3s20w2u,1,,,2,UNFURNISHED,[],FALSE,,,Sell,,122,10000000,"[""https://pub-d28896f69c604ec5aa743cb0397740d9.r2.dev/1758450157414-15c5ef82cad99022.jpg""]",,ABOUT PROPERTY ,25:12.4,25:12.4
cmfw5ivra0001vxnkbozvz8bd,RESIDENTIAL,testing igi,TOWNSHIP,testing-igi-somwarpeth-camp-pune-541659,,READY_TO_MOVE,8,"[""[\""12345678\"",\""2345678\""]""]",cmf3zcoe80000vcf8sd4qfpwd,cmf3ze56e0002vcf8e0hjqnsw,cmf6nu3ru000gvcxspxarll3v,cmf6pksk30035vcxs7r2mo3iq,cmfdkuymm0001vc90iiyzkr8d,aqwsedrftgyhujikozsxdcfvgbhjnkm,,cmfw5ivre0009vxnkmzexw3zd,sedrftgyhuj,awsedrftgyhujk,123456,RESIDENTIAL,House_Villa,House_Villa,cmfw5ivrc0005vxnktgx2aruy,cmfw5ivrc0004vxnkqlpfdbae,5,,,4,SEMI_FURNISHED,"[""LIGHTS_FANS"",""BASIC_FURNITURE""]",FALSE,,,Sell,https://pub-d28896f69c604ec5aa743cb0397740d9.r2.dev/1758607532938-1eb357675429379e.jpg,8,80000000,"[""https://pub-d28896f69c604ec5aa743cb0397740d9.r2.dev/1758607532944-b93d0b2a52058cc7.webp""]",,asdfghj,05:41.8,05:41.8
cmfw5ivra0001vxnkbozvz8bd,RESIDENTIAL,testing igi,TOWNSHIP,testing-igi-somwarpeth-camp-pune-541659,,READY_TO_MOVE,8,"[""[\""12345678\"",\""2345678\""]""]",cmf3zcoe80000vcf8sd4qfpwd,cmf3ze56e0002vcf8e0hjqnsw,cmf6nu3ru000gvcxspxarll3v,cmf6pksk30035vcxs7r2mo3iq,cmfdkuymm0001vc90iiyzkr8d,aqwsedrftgyhujikozsxdcfvgbhjnkm,,cmfw5ivre0009vxnkmzexw3zd,sedrftgyhuj,awsedrftgyhujk,123456,RESIDENTIAL,3BHK,3BHK,cmfw5ivrd0007vxnk9hpgpk3m,cmfw5ivrd0006vxnk2bia4myh,99,,,88,UNFURNISHED,[],FALSE,,,Sell,https://pub-d28896f69c604ec5aa743cb0397740d9.r2.dev/1758607532944-ac73972e2cdcdbfb.jpg,69,960000000,"[""https://pub-d28896f69c604ec5aa743cb0397740d9.r2.dev/1758607532944-e10a4f6be6b3cc76.jpg""]",,described huh ...?,05:41.8,05:41.8
cmfwd377z0008vxgxd9nju858,RESIDENTIAL,some project testing,COMPLEX,some-project-testing-somwarpeth-camp-pune-246958,,UNDER_CONSTRUCTION,,"[""[\""2345678\"",\""5678\""]""]",cmfw6qdtd0000vx6uelma0klf,cmf3ze56e0002vcf8e0hjqnsw,cmf6nu3ru000gvcxspxarll3v,cmf6pksk30035vcxs7r2mo3iq,cmfdkuymm0001vc90iiyzkr8d,project summary,24-09-2025 00:00,cmfwd3782000evxgxgjz4wuum,landmark,address,828123,RESIDENTIAL,4BHK,4BHK,cmfwd3781000cvxgxh6ehnao5,cmfwd3781000bvxgx5ilktqht,10,,,12,UNFURNISHED,[],FALSE,,,Sell,https://pub-d28896f69c604ec5aa743cb0397740d9.r2.dev/1758620243241-c0143b04ebeb03b2.jpg,2,30000000,"[""https://pub-d28896f69c604ec5aa743cb0397740d9.r2.dev/1758620243242-5810bb1b43a5db87.webp""]",,about property,37:27.1,37:27.1
cmfxrvmuc0009qq138n0vk91p,RESIDENTIAL,QUEENS PARK,STANDALONE,queens-park-subhashnagar-chembur-mumbai-554402,,UNDER_CONSTRUCTION,,"[""[\""P51800047377\""]""]",cmfw6qdtd0000vx6uelma0klf,cmf3ze56e0002vcf8e0hjqnsw,cmf50r5a00000vcj0k1iuocuu,cmf51ieam0001vcj0kljobiod,cmfxo3xxc0007qq13foyboh8s,"Queens Park by Vaibhavlaxmi builder & developer is a well-designed residential development in Chembur, Mumbai. It provides contemporary features, convenient connectivity, and peaceful living, all supported by the developer's long-standing heritage and adherence to excellence. Situated in a well-developed suburb with the best infrastructure and great connectivity, the project meets the needs of the city life while affording peace and ease of living.",31-12-2025 00:00,cmfxrvmud000kqq13r64tex8v,Jain mandir ,"Building No 10, Subhash Nagar Redevelopment Cluster, Subhash Nagar, Chembur, Mumbai, Maharashtra 400071",400071,RESIDENTIAL,1BHK,1BHK,cmfxrvmud000dqq13dhmztds7,cmfxrvmud000cqq134yeaya3o,1,,,1,UNFURNISHED,[],FALSE,,,Sell,https://pub-d28896f69c604ec5aa743cb0397740d9.r2.dev/1758705551545-37ea5c3b2ad1281f.jpeg,413.23,10900000,"[""https://pub-d28896f69c604ec5aa743cb0397740d9.r2.dev/1758705551546-edea4e482b14fe41.jpg""]",,Na,19:14.5,19:14.5
cmfxrvmuc0009qq138n0vk91p,RESIDENTIAL,QUEENS PARK,STANDALONE,queens-park-subhashnagar-chembur-mumbai-554402,,UNDER_CONSTRUCTION,,"[""[\""P51800047377\""]""]",cmfw6qdtd0000vx6uelma0klf,cmf3ze56e0002vcf8e0hjqnsw,cmf50r5a00000vcj0k1iuocuu,cmf51ieam0001vcj0kljobiod,cmfxo3xxc0007qq13foyboh8s,"Queens Park by Vaibhavlaxmi builder & developer is a well-designed residential development in Chembur, Mumbai. It provides contemporary features, convenient connectivity, and peaceful living, all supported by the developer's long-standing heritage and adherence to excellence. Situated in a well-developed suburb with the best infrastructure and great connectivity, the project meets the needs of the city life while affording peace and ease of living.",31-12-2025 00:00,cmfxrvmud000kqq13r64tex8v,Jain mandir ,"Building No 10, Subhash Nagar Redevelopment Cluster, Subhash Nagar, Chembur, Mumbai, Maharashtra 400071",400071,RESIDENTIAL,2BHK,2BHK,cmfxrvmud000fqq13a1u44y3m,cmfxrvmud000eqq13dl82i5js,2,,,2,UNFURNISHED,[],FALSE,,,Sell,https://pub-d28896f69c604ec5aa743cb0397740d9.r2.dev/1758705551547-58f19a494160e237.jpeg,705.14,18700000,"[""https://pub-d28896f69c604ec5aa743cb0397740d9.r2.dev/1758705551548-68b2c475624ac9aa.jpg""]",,Na,19:14.5,19:14.5
cmfxrvmuc0009qq138n0vk91p,RESIDENTIAL,QUEENS PARK,STANDALONE,queens-park-subhashnagar-chembur-mumbai-554402,,UNDER_CONSTRUCTION,,"[""[\""P51800047377\""]""]",cmfw6qdtd0000vx6uelma0klf,cmf3ze56e0002vcf8e0hjqnsw,cmf50r5a00000vcj0k1iuocuu,cmf51ieam0001vcj0kljobiod,cmfxo3xxc0007qq13foyboh8s,"Queens Park by Vaibhavlaxmi builder & developer is a well-designed residential development in Chembur, Mumbai. It provides contemporary features, convenient connectivity, and peaceful living, all supported by the developer's long-standing heritage and adherence to excellence. Situated in a well-developed suburb with the best infrastructure and great connectivity, the project meets the needs of the city life while affording peace and ease of living.",31-12-2025 00:00,cmfxrvmud000kqq13r64tex8v,Jain mandir ,"Building No 10, Subhash Nagar Redevelopment Cluster, Subhash Nagar, Chembur, Mumbai, Maharashtra 400071",400071,RESIDENTIAL,2BHK,2BHK,cmfxrvmud000gqq13js3rz2zw,cmfxrvmud000eqq13dl82i5js,2,,,2,UNFURNISHED,[],FALSE,,,Sell,https://pub-d28896f69c604ec5aa743cb0397740d9.r2.dev/1758705551549-35d879317c8edbda.jpeg,646.91,17200000,"[""https://pub-d28896f69c604ec5aa743cb0397740d9.r2.dev/1758705551550-8dd99bd7e0de26db.jpg""]",,Na,19:14.5,19:14.5
cmfxrvmuc0009qq138n0vk91p,RESIDENTIAL,QUEENS PARK,STANDALONE,queens-park-subhashnagar-chembur-mumbai-554402,,UNDER_CONSTRUCTION,,"[""[\""P51800047377\""]""]",cmfw6qdtd0000vx6uelma0klf,cmf3ze56e0002vcf8e0hjqnsw,cmf50r5a00000vcj0k1iuocuu,cmf51ieam0001vcj0kljobiod,cmfxo3xxc0007qq13foyboh8s,"Queens Park by Vaibhavlaxmi builder & developer is a well-designed residential development in Chembur, Mumbai. It provides contemporary features, convenient connectivity, and peaceful living, all supported by the developer's long-standing heritage and adherence to excellence. Situated in a well-developed suburb with the best infrastructure and great connectivity, the project meets the needs of the city life while affording peace and ease of living.",31-12-2025 00:00,cmfxrvmud000kqq13r64tex8v,Jain mandir ,"Building No 10, Subhash Nagar Redevelopment Cluster, Subhash Nagar, Chembur, Mumbai, Maharashtra 400071",400071,RESIDENTIAL,3BHK,3BHK,cmfxrvmud000iqq13q80pzcvk,cmfxrvmud000hqq136m0p71jv,3,,,3,UNFURNISHED,[],FALSE,,,Sell,https://pub-d28896f69c604ec5aa743cb0397740d9.r2.dev/1758705551551-788c3a56eab050d8.jpeg,901.26,23900000,"[""https://pub-d28896f69c604ec5aa743cb0397740d9.r2.dev/1758705551551-635af274c30c9045.jpg""]",,,19:14.5,19:14.5
cmfxtgtbw0009vxov4t5onh7d,RESIDENTIAL,testring999,COMPLEX,testring999-somwarpeth-camp-pune-222053,,UNDER_CONSTRUCTION,,"[""[\""asdfghjkl\""]""]",cmfw6qdtd0000vx6uelma0klf,cmf3ze56e0002vcf8e0hjqnsw,cmf6nu3ru000gvcxspxarll3v,cmf6pksk30035vcxs7r2mo3iq,cmfdkuymm0001vc90iiyzkr8d,dsgfhjk,25-09-2025 00:00,cmfxtgtbz000fvxov0zosuc1d,esrdfghbj,sdfghj,123456,RESIDENTIAL,3BHK,3BHK,cmfxtgtby000dvxovucxxqsad,cmfxtgtby000cvxovsdc7rfa6,9,,,9,UNFURNISHED,[],FALSE,,,Sell,https://pub-d28896f69c604ec5aa743cb0397740d9.r2.dev/1758708115716-31db7b2bcb6394ec.webp,7,80000000,"[""https://pub-d28896f69c604ec5aa743cb0397740d9.r2.dev/1758708115716-b28e6ee1732f2e2b.webp""]",,sdfghjn,03:42.3,03:42.3
cmfxwmse70001qq0908yt6oar,RESIDENTIAL,Queens Glory,STANDALONE,queens-glory-subhashnagar-chembur-mumbai-539772,,UNDER_CONSTRUCTION,,"[""[\""P51800076971\""]""]",cmfw6qdtd0000vx6uelma0klf,cmf3ze56e0002vcf8e0hjqnsw,cmf50r5a00000vcj0k1iuocuu,cmf51ieam0001vcj0kljobiod,cmfxo3xxc0007qq13foyboh8s,"Queens Glory by VaibhavLaxmi Builders and Developers is a well-designed residential development in Chembur, Mumbai. It provides contemporary features, convenient connectivity, and peaceful living, all supported by the developer's long-standing heritage and adherence to excellence. Situated in a well-developed suburb with the best infrastructure and great connectivity, the project meets the needs of the city life while affording peace and ease of living.",31-12-2027 00:00,cmfxwmse80007qq099axxvni0,Shri siddhivinayak ganesh temple,"Building No 10, Subhash Nagar Redevelopment Cluster, Subhash Nagar, Chembur, Mumbai, Maharashtra 400071",400076,RESIDENTIAL,1RK ,,cmfxwmse70005qq093vr7rk2k,cmfxwmse70004qq0987ge7h2b,1,,,1,UNFURNISHED,[],FALSE,,,Sell,https://pub-d28896f69c604ec5aa743cb0397740d9.r2.dev/1758713537111-51daa54aa4442c6d.jpg,331.85,7944000,"[""https://pub-d28896f69c604ec5aa743cb0397740d9.r2.dev/1758713537116-09ebbf05ef9abbaa.jpg""]",,1 RK APARTMENTS,32:19.9,32:19.9
cmfxxh08t0013qq09o0rajcrt,RESIDENTIAL,Queens Avenue,TOWNSHIP,queens-avenue-subhashnagar-chembur-mumbai-949624,,UNDER_CONSTRUCTION,,"[""[\""P51800054458\""]""]",cmfw6qdtd0000vx6uelma0klf,cmf3ze56e0002vcf8e0hjqnsw,cmf50r5a00000vcj0k1iuocuu,cmf51ieam0001vcj0kljobiod,cmfxo3xxc0007qq13foyboh8s,"Vaibhavlaxmi Queens Avenue offers well-ventilated homes in Chembur East, combining luxury with modern living standards. With easy access to essential amenities, including schools, hospitals, and shopping malls, the project ensures a convenient lifestyle. Developed by Vaibhavlaxmi Developers, a renowned name in Mumbai's real estate sector, the project promises quality construction and timely delivery, making it a top choice for those seeking an ideal urban living experience.",31-12-2027 00:00,cmfxxh08u001cqq09fwo5o5i7,Shri siddhivinayak ganesh temple,"Subhash Nagar, Chembur, Mumbai Harbour, Mumbai",400076,RESIDENTIAL,1BHK,1BHK,cmfxxh08t0017qq09qd68njyj,cmfxxh08t0016qq09wmpw7s17,1,,,1,UNFURNISHED,[],FALSE,,,Sell,https://pub-d28896f69c604ec5aa743cb0397740d9.r2.dev/1758714944558-7c8147da421f3025.jpg,396.97,10700000,"[""https://pub-d28896f69c604ec5aa743cb0397740d9.r2.dev/1758714944560-7c164d7b1cc645f7.jpg""]",,,55:49.8,55:49.8
cmfxxh08t0013qq09o0rajcrt,RESIDENTIAL,Queens Avenue,TOWNSHIP,queens-avenue-subhashnagar-chembur-mumbai-949624,,UNDER_CONSTRUCTION,,"[""[\""P51800054458\""]""]",cmfw6qdtd0000vx6uelma0klf,cmf3ze56e0002vcf8e0hjqnsw,cmf50r5a00000vcj0k1iuocuu,cmf51ieam0001vcj0kljobiod,cmfxo3xxc0007qq13foyboh8s,"Vaibhavlaxmi Queens Avenue offers well-ventilated homes in Chembur East, combining luxury with modern living standards. With easy access to essential amenities, including schools, hospitals, and shopping malls, the project ensures a convenient lifestyle. Developed by Vaibhavlaxmi Developers, a renowned name in Mumbai's real estate sector, the project promises quality construction and timely delivery, making it a top choice for those seeking an ideal urban living experience.",31-12-2027 00:00,cmfxxh08u001cqq09fwo5o5i7,Shri siddhivinayak ganesh temple,"Subhash Nagar, Chembur, Mumbai Harbour, Mumbai",400076,RESIDENTIAL,2BHK,2BHK,cmfxxh08u0019qq098khzka3e,cmfxxh08u0018qq09k3wwm63q,2,,,4,UNFURNISHED,[],FALSE,,,Sell,https://pub-d28896f69c604ec5aa743cb0397740d9.r2.dev/1758714944560-a72d3b85432ed5df.jpg,568.98,15300000,"[""https://pub-d28896f69c604ec5aa743cb0397740d9.r2.dev/1758714944561-7778f9768558b3c0.jpg""]",,,55:49.8,55:49.8
cmfxxh08t0013qq09o0rajcrt,RESIDENTIAL,Queens Avenue,TOWNSHIP,queens-avenue-subhashnagar-chembur-mumbai-949624,,UNDER_CONSTRUCTION,,"[""[\""P51800054458\""]""]",cmfw6qdtd0000vx6uelma0klf,cmf3ze56e0002vcf8e0hjqnsw,cmf50r5a00000vcj0k1iuocuu,cmf51ieam0001vcj0kljobiod,cmfxo3xxc0007qq13foyboh8s,"Vaibhavlaxmi Queens Avenue offers well-ventilated homes in Chembur East, combining luxury with modern living standards. With easy access to essential amenities, including schools, hospitals, and shopping malls, the project ensures a convenient lifestyle. Developed by Vaibhavlaxmi Developers, a renowned name in Mumbai's real estate sector, the project promises quality construction and timely delivery, making it a top choice for those seeking an ideal urban living experience.",31-12-2027 00:00,cmfxxh08u001cqq09fwo5o5i7,Shri siddhivinayak ganesh temple,"Subhash Nagar, Chembur, Mumbai Harbour, Mumbai",400076,RESIDENTIAL,2BHK,2BHK,cmfxxh08u001aqq09otdgddxp,cmfxxh08u0018qq09k3wwm63q,2,,,2,UNFURNISHED,[],FALSE,,,Sell,https://pub-d28896f69c604ec5aa743cb0397740d9.r2.dev/1758714944562-d6e4bab26b0d4fef.jpg,619.89,16700000,"[""https://pub-d28896f69c604ec5aa743cb0397740d9.r2.dev/1758714944562-e50632ef4ec31e1b.jpg""]",,,55:49.8,55:49.8
